"indicator","year","parameter_set","value"
"TotalHIVtests",1985,"1",11.4768
"TotalHIVtests",1985,"2",13.3231
"TotalHIVtests",1986,"1",35.0675
"TotalHIVtests",1986,"2",41.1358
"TotalHIVtests",1987,"1",98.9796
"TotalHIVtests",1987,"2",118.733
"TotalHIVtests",1988,"1",246.951
"TotalHIVtests",1988,"2",300.041
"TotalHIVtests",1989,"1",543.002
"TotalHIVtests",1989,"2",658.718
"TotalHIVtests",1990,"1",1072.18
"TotalHIVtests",1990,"2",1284.41
"TotalHIVtests",1991,"1",126787
"TotalHIVtests",1991,"2",126589
"TotalHIVtests",1992,"1",253789
"TotalHIVtests",1992,"2",253068
"TotalHIVtests",1993,"1",381111
"TotalHIVtests",1993,"2",379657
"TotalHIVtests",1994,"1",508580
"TotalHIVtests",1994,"2",506288
"TotalHIVtests",1995,"1",636050
"TotalHIVtests",1995,"2",632914
"TotalHIVtests",1996,"1",763379
"TotalHIVtests",1996,"2",759471
"TotalHIVtests",1997,"1",890659
"TotalHIVtests",1997,"2",886046
"TotalHIVtests",1998,"1",1017710
"TotalHIVtests",1998,"2",1012520
"TotalHIVtests",1999,"1",1144330
"TotalHIVtests",1999,"2",1138700
"TotalHIVtests",2000,"1",1270220
"TotalHIVtests",2000,"2",1264300
"TotalHIVtests",2001,"1",1395620
"TotalHIVtests",2001,"2",1389530
"TotalHIVtests",2002,"1",1519930
"TotalHIVtests",2002,"2",1513800
"TotalHIVtests",2003,"1",1649730
"TotalHIVtests",2003,"2",1643410
"TotalHIVtests",2004,"1",1777700
"TotalHIVtests",2004,"2",1771210
"TotalHIVtests",2005,"1",2206970
"TotalHIVtests",2005,"2",2198280
"TotalHIVtests",2006,"1",2441430
"TotalHIVtests",2006,"2",2432120
"TotalHIVtests",2007,"1",2770880
"TotalHIVtests",2007,"2",2759220
"TotalHIVtests",2008,"1",3473040
"TotalHIVtests",2008,"2",3455890
"TotalHIVtests",2009,"1",7823390
"TotalHIVtests",2009,"2",7761310
"TotalHIVtests",2010,"1",10706800
"TotalHIVtests",2010,"2",10651100
"TotalHIVtests",2011,"1",9841370
"TotalHIVtests",2011,"2",9802510
"TotalHIVtests",2012,"1",10058100
"TotalHIVtests",2012,"2",10024700
"TotalHIVtests",2013,"1",8359420
"TotalHIVtests",2013,"2",8340620
"TotalHIVtests",2014,"1",9695760
"TotalHIVtests",2014,"2",9673320
"TotalHIVtests",2015,"1",12513500
"TotalHIVtests",2015,"2",12468900
"TotalHIVtests",2016,"1",13716200
"TotalHIVtests",2016,"2",13668700
"TotalHIVtests",2017,"1",13172500
"TotalHIVtests",2017,"2",13129700
"TotalHIVtests",2018,"1",14070700
"TotalHIVtests",2018,"2",14025800
"TotalHIVtests",2019,"1",17844300
"TotalHIVtests",2019,"2",17789500
"TotalHIVtests",2020,"1",13718100
"TotalHIVtests",2020,"2",13686200
"TotalHIVtests",2021,"1",15666800
"TotalHIVtests",2021,"2",13565800
"TotalHIVtests",2022,"1",18178800
"TotalHIVtests",2022,"2",14982400
"TotalHIVtests",2023,"1",18655000
"TotalHIVtests",2023,"2",15352000
"TotalHIVtests",2024,"1",19133800
"TotalHIVtests",2024,"2",15733200
"TotalHIVtests",2025,"1",19624300
"TotalHIVtests",2025,"2",16132700
"TotalHIVtests",2026,"1",20062400
"TotalHIVtests",2026,"2",16487200
"TotalHIVtests",2027,"1",20444200
"TotalHIVtests",2027,"2",16793100
"TotalHIVtests",2028,"1",20816800
"TotalHIVtests",2028,"2",17093200
"TotalHIVtests",2029,"1",21189300
"TotalHIVtests",2029,"2",17394300
"TotalHIVtests",2030,"1",21558100
"TotalHIVtests",2030,"2",17692000
"TotalHIVtests",2031,"1",21921200
"TotalHIVtests",2031,"2",17984000
"TotalHIVtests",2032,"1",22273600
"TotalHIVtests",2032,"2",18265800
"TotalHIVtests",2033,"1",22614800
"TotalHIVtests",2033,"2",18537500
"TotalHIVtests",2034,"1",22945400
"TotalHIVtests",2034,"2",18800000
"TotalHIVtests",2035,"1",23267700
"TotalHIVtests",2035,"2",19055900
"TotalHIVtests",2036,"1",23580300
"TotalHIVtests",2036,"2",19304000
"TotalHIVtests",2037,"1",23879800
"TotalHIVtests",2037,"2",19540800
"TotalHIVtests",2038,"1",24165900
"TotalHIVtests",2038,"2",19766100
"TotalHIVtests",2039,"1",24438900
"TotalHIVtests",2039,"2",19980200
"TotalHIVtests",2040,"1",24700000
"TotalHIVtests",2040,"2",20184500
"TotalHIVtests",2041,"1",24951000
"TotalHIVtests",2041,"2",20380500
"TotalHIVtests",2042,"1",25195000
"TotalHIVtests",2042,"2",20571400
"TotalHIVtests",2043,"1",25430900
"TotalHIVtests",2043,"2",20756200
"TotalHIVtests",2044,"1",25657200
"TotalHIVtests",2044,"2",20933300
"TotalHIVtests",2045,"1",25873900
"TotalHIVtests",2045,"2",21102900
"TotalHIVtests",2046,"1",26082000
"TotalHIVtests",2046,"2",21265900
"TotalHIVtests",2047,"1",26283000
"TotalHIVtests",2047,"2",21424100
"TotalHIVtests",2048,"1",26476900
"TotalHIVtests",2048,"2",21577400
"TotalHIVtests",2049,"1",26663300
"TotalHIVtests",2049,"2",21725300
"TotalHIVtests",2050,"1",26842800
"TotalHIVtests",2050,"2",21868200
"TotalHIVtests",2051,"1",27015900
"TotalHIVtests",2051,"2",22006500
"TotalHIVtests",2052,"1",27183000
"TotalHIVtests",2052,"2",22140700
"TotalHIVtests",2053,"1",27344800
"TotalHIVtests",2053,"2",22271000
"TotalHIVtests",2054,"1",27501200
"TotalHIVtests",2054,"2",22397500
"TotalHIVtests",2055,"1",27652300
"TotalHIVtests",2055,"2",22520000
"TotalHIVtests",2056,"1",27797800
"TotalHIVtests",2056,"2",22638400
"TotalHIVtests",2057,"1",27937400
"TotalHIVtests",2057,"2",22752200
"TotalHIVtests",2058,"1",28070700
"TotalHIVtests",2058,"2",22861100
"TotalHIVtests",2059,"1",28197200
"TotalHIVtests",2059,"2",22964600
"TotalHIVtests",2060,"1",28316400
"TotalHIVtests",2060,"2",23062200
"TotalHIVtests",2061,"1",28427900
"TotalHIVtests",2061,"2",23153600
"TotalHIVtests",2062,"1",28531400
"TotalHIVtests",2062,"2",23238400
"TotalHIVtests",2063,"1",28626500
"TotalHIVtests",2063,"2",23316400
"TotalHIVtests",2064,"1",28713100
"TotalHIVtests",2064,"2",23387400
"TotalHIVtests",2065,"1",28791300
"TotalHIVtests",2065,"2",23451600
"TotalHIVtests",2066,"1",28861000
"TotalHIVtests",2066,"2",23508900
"TotalHIVtests",2067,"1",28922500
"TotalHIVtests",2067,"2",23559500
"TotalHIVtests",2068,"1",28975900
"TotalHIVtests",2068,"2",23603700
"TotalHIVtests",2069,"1",29021800
"TotalHIVtests",2069,"2",23641700
"TotalHIVtests",2070,"1",29060500
"TotalHIVtests",2070,"2",23674000
"TotalHIVtests",2071,"1",29092600
"TotalHIVtests",2071,"2",23701000
"TotalHIVtests",2072,"1",29118400
"TotalHIVtests",2072,"2",23723100
"TotalHIVtests",2073,"1",29138500
"TotalHIVtests",2073,"2",23740700
"TotalHIVtests",2074,"1",29153400
"TotalHIVtests",2074,"2",23754200
"TotalHIVtests",2075,"1",29163600
"TotalHIVtests",2075,"2",23764100
"TotalHIVtests",2076,"1",29169500
"TotalHIVtests",2076,"2",23770600
"TotalHIVtests",2077,"1",29171400
"TotalHIVtests",2077,"2",23774100
"TotalHIVtests",2078,"1",29169700
"TotalHIVtests",2078,"2",23774800
"TotalHIVtests",2079,"1",29164700
"TotalHIVtests",2079,"2",23773000
"TotalHIVtests",2080,"1",29156600
"TotalHIVtests",2080,"2",23768900
"TotalHIVtests",2081,"1",29145700
"TotalHIVtests",2081,"2",23762500
"TotalHIVtests",2082,"1",29132000
"TotalHIVtests",2082,"2",23754000
"TotalHIVtests",2083,"1",29115600
"TotalHIVtests",2083,"2",23743500
"TotalHIVtests",2084,"1",29096600
"TotalHIVtests",2084,"2",23730900
"TotalHIVtests",2085,"1",29075100
"TotalHIVtests",2085,"2",23716200
"TotalHIVtests",2086,"1",29051000
"TotalHIVtests",2086,"2",23699400
"TotalHIVtests",2087,"1",29024300
"TotalHIVtests",2087,"2",23680500
"TotalHIVtests",2088,"1",28994900
"TotalHIVtests",2088,"2",23659400
"TotalHIVtests",2089,"1",28962800
"TotalHIVtests",2089,"2",23636000
"TotalHIVtests",2090,"1",28927900
"TotalHIVtests",2090,"2",23610200
"TotalHIVtests",2091,"1",28890200
"TotalHIVtests",2091,"2",23582000
"TotalHIVtests",2092,"1",28849600
"TotalHIVtests",2092,"2",23551400
"TotalHIVtests",2093,"1",28806100
"TotalHIVtests",2093,"2",23518300
"TotalHIVtests",2094,"1",28759700
"TotalHIVtests",2094,"2",23482800
"TotalHIVtests",2095,"1",28710500
"TotalHIVtests",2095,"2",23444900
"TotalHIVtests",2096,"1",28658400
"TotalHIVtests",2096,"2",23404500
"TotalHIVtests",2097,"1",28603700
"TotalHIVtests",2097,"2",23362000
"TotalHIVtests",2098,"1",28546400
"TotalHIVtests",2098,"2",23317200
"TotalHIVtests",2099,"1",28486700
"TotalHIVtests",2099,"2",23270400
"TotalHIVtests",2100,"1",28424800
"TotalHIVtests",2100,"2",23221700
"NewAdultHIV",1985,"1",2299.97
"NewAdultHIV",1985,"2",2734.89
"NewAdultHIV",1986,"1",8400.61
"NewAdultHIV",1986,"2",10436.9
"NewAdultHIV",1987,"1",20992.4
"NewAdultHIV",1987,"2",26680.3
"NewAdultHIV",1988,"1",41866.3
"NewAdultHIV",1988,"2",52708.1
"NewAdultHIV",1989,"1",70972.4
"NewAdultHIV",1989,"2",86241.7
"NewAdultHIV",1990,"1",107794
"NewAdultHIV",1990,"2",125021
"NewAdultHIV",1991,"1",153796
"NewAdultHIV",1991,"2",170423
"NewAdultHIV",1992,"1",208215
"NewAdultHIV",1992,"2",222238
"NewAdultHIV",1993,"1",266297
"NewAdultHIV",1993,"2",276332
"NewAdultHIV",1994,"1",322956
"NewAdultHIV",1994,"2",328273
"NewAdultHIV",1995,"1",373446
"NewAdultHIV",1995,"2",374065
"NewAdultHIV",1996,"1",414511
"NewAdultHIV",1996,"2",411227
"NewAdultHIV",1997,"1",441087
"NewAdultHIV",1997,"2",435324
"NewAdultHIV",1998,"1",457328
"NewAdultHIV",1998,"2",450307
"NewAdultHIV",1999,"1",464296
"NewAdultHIV",1999,"2",456872
"NewAdultHIV",2000,"1",462864
"NewAdultHIV",2000,"2",455572
"NewAdultHIV",2001,"1",455296
"NewAdultHIV",2001,"2",448415
"NewAdultHIV",2002,"1",445112
"NewAdultHIV",2002,"2",438663
"NewAdultHIV",2003,"1",434875
"NewAdultHIV",2003,"2",428825
"NewAdultHIV",2004,"1",424111
"NewAdultHIV",2004,"2",418471
"NewAdultHIV",2005,"1",413585
"NewAdultHIV",2005,"2",408231
"NewAdultHIV",2006,"1",404955
"NewAdultHIV",2006,"2",399732
"NewAdultHIV",2007,"1",398967
"NewAdultHIV",2007,"2",393879
"NewAdultHIV",2008,"1",393147
"NewAdultHIV",2008,"2",388166
"NewAdultHIV",2009,"1",385169
"NewAdultHIV",2009,"2",379865
"NewAdultHIV",2010,"1",376056
"NewAdultHIV",2010,"2",369852
"NewAdultHIV",2011,"1",363353
"NewAdultHIV",2011,"2",356502
"NewAdultHIV",2012,"1",344731
"NewAdultHIV",2012,"2",338011
"NewAdultHIV",2013,"1",327405
"NewAdultHIV",2013,"2",321258
"NewAdultHIV",2014,"1",309317
"NewAdultHIV",2014,"2",303591
"NewAdultHIV",2015,"1",295183
"NewAdultHIV",2015,"2",289399
"NewAdultHIV",2016,"1",272728
"NewAdultHIV",2016,"2",267396
"NewAdultHIV",2017,"1",244465
"NewAdultHIV",2017,"2",240531
"NewAdultHIV",2018,"1",225126
"NewAdultHIV",2018,"2",222338
"NewAdultHIV",2019,"1",206336
"NewAdultHIV",2019,"2",204897
"NewAdultHIV",2020,"1",196554
"NewAdultHIV",2020,"2",196135
"NewAdultHIV",2021,"1",180566
"NewAdultHIV",2021,"2",179904
"NewAdultHIV",2022,"1",166041
"NewAdultHIV",2022,"2",164972
"NewAdultHIV",2023,"1",151980
"NewAdultHIV",2023,"2",150239
"NewAdultHIV",2024,"1",142043
"NewAdultHIV",2024,"2",140301
"NewAdultHIV",2025,"1",132948
"NewAdultHIV",2025,"2",131256
"NewAdultHIV",2026,"1",124479
"NewAdultHIV",2026,"2",122806
"NewAdultHIV",2027,"1",116426
"NewAdultHIV",2027,"2",114737
"NewAdultHIV",2028,"1",108648
"NewAdultHIV",2028,"2",106931
"NewAdultHIV",2029,"1",101158
"NewAdultHIV",2029,"2",99416.1
"NewAdultHIV",2030,"1",94002.3
"NewAdultHIV",2030,"2",92239.7
"NewAdultHIV",2031,"1",87203.6
"NewAdultHIV",2031,"2",85426.4
"NewAdultHIV",2032,"1",80772.5
"NewAdultHIV",2032,"2",78988.9
"NewAdultHIV",2033,"1",74704.2
"NewAdultHIV",2033,"2",72926.5
"NewAdultHIV",2034,"1",69012
"NewAdultHIV",2034,"2",67254.8
"NewAdultHIV",2035,"1",63707.2
"NewAdultHIV",2035,"2",61985.1
"NewAdultHIV",2036,"1",58779.9
"NewAdultHIV",2036,"2",57104.8
"NewAdultHIV",2037,"1",54212.5
"NewAdultHIV",2037,"2",52593.4
"NewAdultHIV",2038,"1",49992.2
"NewAdultHIV",2038,"2",48435.3
"NewAdultHIV",2039,"1",46104.7
"NewAdultHIV",2039,"2",44614.4
"NewAdultHIV",2040,"1",42526.6
"NewAdultHIV",2040,"2",41106.2
"NewAdultHIV",2041,"1",39236.7
"NewAdultHIV",2041,"2",37888.1
"NewAdultHIV",2042,"1",36212.7
"NewAdultHIV",2042,"2",34936.6
"NewAdultHIV",2043,"1",33432.6
"NewAdultHIV",2043,"2",32229
"NewAdultHIV",2044,"1",30883.1
"NewAdultHIV",2044,"2",29750.9
"NewAdultHIV",2045,"1",28539.3
"NewAdultHIV",2045,"2",27477.4
"NewAdultHIV",2046,"1",26382
"NewAdultHIV",2046,"2",25389.1
"NewAdultHIV",2047,"1",24403.7
"NewAdultHIV",2047,"2",23477.3
"NewAdultHIV",2048,"1",22577.2
"NewAdultHIV",2048,"2",21715.8
"NewAdultHIV",2049,"1",20901.8
"NewAdultHIV",2049,"2",20102.4
"NewAdultHIV",2050,"1",19358.1
"NewAdultHIV",2050,"2",18618.5
"NewAdultHIV",2051,"1",17932.5
"NewAdultHIV",2051,"2",17250.3
"NewAdultHIV",2052,"1",16621.1
"NewAdultHIV",2052,"2",15993.4
"NewAdultHIV",2053,"1",15407.6
"NewAdultHIV",2053,"2",14832.1
"NewAdultHIV",2054,"1",14289
"NewAdultHIV",2054,"2",13762.9
"NewAdultHIV",2055,"1",13254.7
"NewAdultHIV",2055,"2",12775.4
"NewAdultHIV",2056,"1",12298.7
"NewAdultHIV",2056,"2",11863.4
"NewAdultHIV",2057,"1",11411.8
"NewAdultHIV",2057,"2",11018.3
"NewAdultHIV",2058,"1",10592.4
"NewAdultHIV",2058,"2",10237.7
"NewAdultHIV",2059,"1",9829.52
"NewAdultHIV",2059,"2",9511.59
"NewAdultHIV",2060,"1",9122.19
"NewAdultHIV",2060,"2",8838.45
"NewAdultHIV",2061,"1",8466.53
"NewAdultHIV",2061,"2",8214.5
"NewAdultHIV",2062,"1",7853.9
"NewAdultHIV",2062,"2",7631.65
"NewAdultHIV",2063,"1",7286.35
"NewAdultHIV",2063,"2",7091.47
"NewAdultHIV",2064,"1",6758.62
"NewAdultHIV",2064,"2",6589.01
"NewAdultHIV",2065,"1",6268.18
"NewAdultHIV",2065,"2",6121.8
"NewAdultHIV",2066,"1",5810.78
"NewAdultHIV",2066,"2",5685.89
"NewAdultHIV",2067,"1",5386.48
"NewAdultHIV",2067,"2",5281.16
"NewAdultHIV",2068,"1",4991.53
"NewAdultHIV",2068,"2",4904.18
"NewAdultHIV",2069,"1",4624.25
"NewAdultHIV",2069,"2",4553.32
"NewAdultHIV",2070,"1",4284.31
"NewAdultHIV",2070,"2",4228.22
"NewAdultHIV",2071,"1",3967.19
"NewAdultHIV",2071,"2",3924.75
"NewAdultHIV",2072,"1",3673.97
"NewAdultHIV",2072,"2",3643.82
"NewAdultHIV",2073,"1",3400.44
"NewAdultHIV",2073,"2",3381.59
"NewAdultHIV",2074,"1",3147.78
"NewAdultHIV",2074,"2",3139.06
"NewAdultHIV",2075,"1",2912.54
"NewAdultHIV",2075,"2",2913.12
"NewAdultHIV",2076,"1",2694.13
"NewAdultHIV",2076,"2",2703.15
"NewAdultHIV",2077,"1",2490.92
"NewAdultHIV",2077,"2",2507.71
"NewAdultHIV",2078,"1",2302.65
"NewAdultHIV",2078,"2",2326.47
"NewAdultHIV",2079,"1",2128.18
"NewAdultHIV",2079,"2",2158.37
"NewAdultHIV",2080,"1",1965.71
"NewAdultHIV",2080,"2",2001.76
"NewAdultHIV",2081,"1",1814.96
"NewAdultHIV",2081,"2",1856.34
"NewAdultHIV",2082,"1",1674.91
"NewAdultHIV",2082,"2",1721.13
"NewAdultHIV",2083,"1",1544.22
"NewAdultHIV",2083,"2",1594.9
"NewAdultHIV",2084,"1",1422.86
"NewAdultHIV",2084,"2",1477.58
"NewAdultHIV",2085,"1",1309.85
"NewAdultHIV",2085,"2",1368.24
"NewAdultHIV",2086,"1",1205.06
"NewAdultHIV",2086,"2",1266.71
"NewAdultHIV",2087,"1",1106.83
"NewAdultHIV",2087,"2",1171.44
"NewAdultHIV",2088,"1",1015.93
"NewAdultHIV",2088,"2",1083.1
"NewAdultHIV",2089,"1",931.839
"NewAdultHIV",2089,"2",1001.2
"NewAdultHIV",2090,"1",853.431
"NewAdultHIV",2090,"2",924.64
"NewAdultHIV",2091,"1",781.067
"NewAdultHIV",2091,"2",853.757
"NewAdultHIV",2092,"1",713.994
"NewAdultHIV",2092,"2",787.835
"NewAdultHIV",2093,"1",652.104
"NewAdultHIV",2093,"2",726.747
"NewAdultHIV",2094,"1",595.204
"NewAdultHIV",2094,"2",670.286
"NewAdultHIV",2095,"1",542.5
"NewAdultHIV",2095,"2",617.749
"NewAdultHIV",2096,"1",494.195
"NewAdultHIV",2096,"2",569.315
"NewAdultHIV",2097,"1",449.575
"NewAdultHIV",2097,"2",524.301
"NewAdultHIV",2098,"1",408.71
"NewAdultHIV",2098,"2",482.801
"NewAdultHIV",2099,"1",371.243
"NewAdultHIV",2099,"2",444.474
"NewAdultHIV",2100,"1",337.202
"NewAdultHIV",2100,"2",409.328
"AIDSdeathsAdultM",1985,"1",1.31175
"AIDSdeathsAdultM",1985,"2",1.33662
"AIDSdeathsAdultM",1986,"1",12.2186
"AIDSdeathsAdultM",1986,"2",12.4572
"AIDSdeathsAdultM",1987,"1",49.177
"AIDSdeathsAdultM",1987,"2",50.8951
"AIDSdeathsAdultM",1988,"1",154.528
"AIDSdeathsAdultM",1988,"2",164.042
"AIDSdeathsAdultM",1989,"1",415.693
"AIDSdeathsAdultM",1989,"2",451.717
"AIDSdeathsAdultM",1990,"1",971.649
"AIDSdeathsAdultM",1990,"2",1070.41
"AIDSdeathsAdultM",1991,"1",2002.24
"AIDSdeathsAdultM",1991,"2",2212.37
"AIDSdeathsAdultM",1992,"1",3749.29
"AIDSdeathsAdultM",1992,"2",4119.68
"AIDSdeathsAdultM",1993,"1",6429.37
"AIDSdeathsAdultM",1993,"2",6982.23
"AIDSdeathsAdultM",1994,"1",10254.8
"AIDSdeathsAdultM",1994,"2",10968.2
"AIDSdeathsAdultM",1995,"1",15397
"AIDSdeathsAdultM",1995,"2",16197
"AIDSdeathsAdultM",1996,"1",21960.9
"AIDSdeathsAdultM",1996,"2",22725.5
"AIDSdeathsAdultM",1997,"1",29685.3
"AIDSdeathsAdultM",1997,"2",30251.5
"AIDSdeathsAdultM",1998,"1",38588.6
"AIDSdeathsAdultM",1998,"2",38791.5
"AIDSdeathsAdultM",1999,"1",48468.4
"AIDSdeathsAdultM",1999,"2",48155
"AIDSdeathsAdultM",2000,"1",59000.1
"AIDSdeathsAdultM",2000,"2",58063.5
"AIDSdeathsAdultM",2001,"1",69038.9
"AIDSdeathsAdultM",2001,"2",67299.8
"AIDSdeathsAdultM",2002,"1",79416.2
"AIDSdeathsAdultM",2002,"2",76814.4
"AIDSdeathsAdultM",2003,"1",89457.9
"AIDSdeathsAdultM",2003,"2",85994
"AIDSdeathsAdultM",2004,"1",99378.5
"AIDSdeathsAdultM",2004,"2",95347.1
"AIDSdeathsAdultM",2005,"1",103058
"AIDSdeathsAdultM",2005,"2",98063.8
"AIDSdeathsAdultM",2006,"1",102713
"AIDSdeathsAdultM",2006,"2",96750.7
"AIDSdeathsAdultM",2007,"1",98095.1
"AIDSdeathsAdultM",2007,"2",91312.4
"AIDSdeathsAdultM",2008,"1",92355.6
"AIDSdeathsAdultM",2008,"2",85387.1
"AIDSdeathsAdultM",2009,"1",85372.8
"AIDSdeathsAdultM",2009,"2",78815.4
"AIDSdeathsAdultM",2010,"1",74157.5
"AIDSdeathsAdultM",2010,"2",68777
"AIDSdeathsAdultM",2011,"1",60855
"AIDSdeathsAdultM",2011,"2",57220.9
"AIDSdeathsAdultM",2012,"1",50529.8
"AIDSdeathsAdultM",2012,"2",48404.4
"AIDSdeathsAdultM",2013,"1",44594
"AIDSdeathsAdultM",2013,"2",43327.2
"AIDSdeathsAdultM",2014,"1",41177.3
"AIDSdeathsAdultM",2014,"2",40310
"AIDSdeathsAdultM",2015,"1",38766.6
"AIDSdeathsAdultM",2015,"2",38107
"AIDSdeathsAdultM",2016,"1",36183.4
"AIDSdeathsAdultM",2016,"2",35782.8
"AIDSdeathsAdultM",2017,"1",33212.9
"AIDSdeathsAdultM",2017,"2",33054.7
"AIDSdeathsAdultM",2018,"1",30878.3
"AIDSdeathsAdultM",2018,"2",30930.8
"AIDSdeathsAdultM",2019,"1",28908.2
"AIDSdeathsAdultM",2019,"2",29166.6
"AIDSdeathsAdultM",2020,"1",27448.4
"AIDSdeathsAdultM",2020,"2",27850
"AIDSdeathsAdultM",2021,"1",26787.1
"AIDSdeathsAdultM",2021,"2",27300.5
"AIDSdeathsAdultM",2022,"1",26062.2
"AIDSdeathsAdultM",2022,"2",26741.8
"AIDSdeathsAdultM",2023,"1",25050.6
"AIDSdeathsAdultM",2023,"2",25921.5
"AIDSdeathsAdultM",2024,"1",23902.2
"AIDSdeathsAdultM",2024,"2",24817.5
"AIDSdeathsAdultM",2025,"1",23025.1
"AIDSdeathsAdultM",2025,"2",23949.4
"AIDSdeathsAdultM",2026,"1",22429.9
"AIDSdeathsAdultM",2026,"2",23320.2
"AIDSdeathsAdultM",2027,"1",21977.4
"AIDSdeathsAdultM",2027,"2",22833.6
"AIDSdeathsAdultM",2028,"1",21604.1
"AIDSdeathsAdultM",2028,"2",22418.7
"AIDSdeathsAdultM",2029,"1",21282.4
"AIDSdeathsAdultM",2029,"2",22052.4
"AIDSdeathsAdultM",2030,"1",20989.5
"AIDSdeathsAdultM",2030,"2",21715.5
"AIDSdeathsAdultM",2031,"1",20714.1
"AIDSdeathsAdultM",2031,"2",21398.9
"AIDSdeathsAdultM",2032,"1",20444.7
"AIDSdeathsAdultM",2032,"2",21091.7
"AIDSdeathsAdultM",2033,"1",20176.8
"AIDSdeathsAdultM",2033,"2",20789.3
"AIDSdeathsAdultM",2034,"1",19905.4
"AIDSdeathsAdultM",2034,"2",20486.4
"AIDSdeathsAdultM",2035,"1",19626.7
"AIDSdeathsAdultM",2035,"2",20178.7
"AIDSdeathsAdultM",2036,"1",19338
"AIDSdeathsAdultM",2036,"2",19863
"AIDSdeathsAdultM",2037,"1",19037.4
"AIDSdeathsAdultM",2037,"2",19537
"AIDSdeathsAdultM",2038,"1",18724.5
"AIDSdeathsAdultM",2038,"2",19200
"AIDSdeathsAdultM",2039,"1",18399.2
"AIDSdeathsAdultM",2039,"2",18851.7
"AIDSdeathsAdultM",2040,"1",18061.6
"AIDSdeathsAdultM",2040,"2",18492.1
"AIDSdeathsAdultM",2041,"1",17712
"AIDSdeathsAdultM",2041,"2",18121.5
"AIDSdeathsAdultM",2042,"1",17350.7
"AIDSdeathsAdultM",2042,"2",17740.1
"AIDSdeathsAdultM",2043,"1",16978.2
"AIDSdeathsAdultM",2043,"2",17348.4
"AIDSdeathsAdultM",2044,"1",16595
"AIDSdeathsAdultM",2044,"2",16946.8
"AIDSdeathsAdultM",2045,"1",16201.6
"AIDSdeathsAdultM",2045,"2",16535.7
"AIDSdeathsAdultM",2046,"1",15798.6
"AIDSdeathsAdultM",2046,"2",16115.7
"AIDSdeathsAdultM",2047,"1",15386.5
"AIDSdeathsAdultM",2047,"2",15687.4
"AIDSdeathsAdultM",2048,"1",14966
"AIDSdeathsAdultM",2048,"2",15251.4
"AIDSdeathsAdultM",2049,"1",14537.8
"AIDSdeathsAdultM",2049,"2",14808.3
"AIDSdeathsAdultM",2050,"1",14102.4
"AIDSdeathsAdultM",2050,"2",14358.8
"AIDSdeathsAdultM",2051,"1",13660.7
"AIDSdeathsAdultM",2051,"2",13903.6
"AIDSdeathsAdultM",2052,"1",13213.4
"AIDSdeathsAdultM",2052,"2",13443.3
"AIDSdeathsAdultM",2053,"1",12761.3
"AIDSdeathsAdultM",2053,"2",12978.9
"AIDSdeathsAdultM",2054,"1",12305.2
"AIDSdeathsAdultM",2054,"2",12511.2
"AIDSdeathsAdultM",2055,"1",11846.2
"AIDSdeathsAdultM",2055,"2",12041.1
"AIDSdeathsAdultM",2056,"1",11385.2
"AIDSdeathsAdultM",2056,"2",11569.7
"AIDSdeathsAdultM",2057,"1",10923.5
"AIDSdeathsAdultM",2057,"2",11098.2
"AIDSdeathsAdultM",2058,"1",10462.1
"AIDSdeathsAdultM",2058,"2",10627.6
"AIDSdeathsAdultM",2059,"1",10002.5
"AIDSdeathsAdultM",2059,"2",10159.4
"AIDSdeathsAdultM",2060,"1",9545.87
"AIDSdeathsAdultM",2060,"2",9694.82
"AIDSdeathsAdultM",2061,"1",9093.61
"AIDSdeathsAdultM",2061,"2",9235.18
"AIDSdeathsAdultM",2062,"1",8647.02
"AIDSdeathsAdultM",2062,"2",8781.82
"AIDSdeathsAdultM",2063,"1",8207.45
"AIDSdeathsAdultM",2063,"2",8336.07
"AIDSdeathsAdultM",2064,"1",7776.18
"AIDSdeathsAdultM",2064,"2",7899.19
"AIDSdeathsAdultM",2065,"1",7354.49
"AIDSdeathsAdultM",2065,"2",7472.44
"AIDSdeathsAdultM",2066,"1",6943.59
"AIDSdeathsAdultM",2066,"2",7057
"AIDSdeathsAdultM",2067,"1",6544.59
"AIDSdeathsAdultM",2067,"2",6653.97
"AIDSdeathsAdultM",2068,"1",6158.51
"AIDSdeathsAdultM",2068,"2",6264.32
"AIDSdeathsAdultM",2069,"1",5786.23
"AIDSdeathsAdultM",2069,"2",5888.9
"AIDSdeathsAdultM",2070,"1",5428.44
"AIDSdeathsAdultM",2070,"2",5528.39
"AIDSdeathsAdultM",2071,"1",5085.71
"AIDSdeathsAdultM",2071,"2",5183.29
"AIDSdeathsAdultM",2072,"1",4758.46
"AIDSdeathsAdultM",2072,"2",4853.98
"AIDSdeathsAdultM",2073,"1",4446.96
"AIDSdeathsAdultM",2073,"2",4540.71
"AIDSdeathsAdultM",2074,"1",4151.4
"AIDSdeathsAdultM",2074,"2",4243.6
"AIDSdeathsAdultM",2075,"1",3871.78
"AIDSdeathsAdultM",2075,"2",3962.61
"AIDSdeathsAdultM",2076,"1",3607.95
"AIDSdeathsAdultM",2076,"2",3697.55
"AIDSdeathsAdultM",2077,"1",3359.57
"AIDSdeathsAdultM",2077,"2",3448.02
"AIDSdeathsAdultM",2078,"1",3126.19
"AIDSdeathsAdultM",2078,"2",3213.55
"AIDSdeathsAdultM",2079,"1",2907.19
"AIDSdeathsAdultM",2079,"2",2993.52
"AIDSdeathsAdultM",2080,"1",2701.9
"AIDSdeathsAdultM",2080,"2",2787.2
"AIDSdeathsAdultM",2081,"1",2509.58
"AIDSdeathsAdultM",2081,"2",2593.86
"AIDSdeathsAdultM",2082,"1",2329.42
"AIDSdeathsAdultM",2082,"2",2412.68
"AIDSdeathsAdultM",2083,"1",2160.63
"AIDSdeathsAdultM",2083,"2",2242.86
"AIDSdeathsAdultM",2084,"1",2002.41
"AIDSdeathsAdultM",2084,"2",2083.6
"AIDSdeathsAdultM",2085,"1",1854.05
"AIDSdeathsAdultM",2085,"2",1934.19
"AIDSdeathsAdultM",2086,"1",1714.87
"AIDSdeathsAdultM",2086,"2",1793.95
"AIDSdeathsAdultM",2087,"1",1584.28
"AIDSdeathsAdultM",2087,"2",1662.27
"AIDSdeathsAdultM",2088,"1",1461.74
"AIDSdeathsAdultM",2088,"2",1538.61
"AIDSdeathsAdultM",2089,"1",1346.79
"AIDSdeathsAdultM",2089,"2",1422.53
"AIDSdeathsAdultM",2090,"1",1239.04
"AIDSdeathsAdultM",2090,"2",1313.6
"AIDSdeathsAdultM",2091,"1",1138.11
"AIDSdeathsAdultM",2091,"2",1211.46
"AIDSdeathsAdultM",2092,"1",1043.73
"AIDSdeathsAdultM",2092,"2",1115.81
"AIDSdeathsAdultM",2093,"1",955.639
"AIDSdeathsAdultM",2093,"2",1026.4
"AIDSdeathsAdultM",2094,"1",873.616
"AIDSdeathsAdultM",2094,"2",943.012
"AIDSdeathsAdultM",2095,"1",797.456
"AIDSdeathsAdultM",2095,"2",865.437
"AIDSdeathsAdultM",2096,"1",726.924
"AIDSdeathsAdultM",2096,"2",793.442
"AIDSdeathsAdultM",2097,"1",661.826
"AIDSdeathsAdultM",2097,"2",726.839
"AIDSdeathsAdultM",2098,"1",601.97
"AIDSdeathsAdultM",2098,"2",665.437
"AIDSdeathsAdultM",2099,"1",547.127
"AIDSdeathsAdultM",2099,"2",609.014
"AIDSdeathsAdultM",2100,"1",497.055
"AIDSdeathsAdultM",2100,"2",557.329
"AIDSdeathsAdultF",1985,"1",1.35479
"AIDSdeathsAdultF",1985,"2",1.3812
"AIDSdeathsAdultF",1986,"1",11.672
"AIDSdeathsAdultF",1986,"2",11.8916
"AIDSdeathsAdultF",1987,"1",40.6038
"AIDSdeathsAdultF",1987,"2",41.6065
"AIDSdeathsAdultF",1988,"1",111.001
"AIDSdeathsAdultF",1988,"2",115.021
"AIDSdeathsAdultF",1989,"1",276.467
"AIDSdeathsAdultF",1989,"2",289.9
"AIDSdeathsAdultF",1990,"1",636.17
"AIDSdeathsAdultF",1990,"2",671.574
"AIDSdeathsAdultF",1991,"1",1356.14
"AIDSdeathsAdultF",1991,"2",1431.09
"AIDSdeathsAdultF",1992,"1",2658.89
"AIDSdeathsAdultF",1992,"2",2787.59
"AIDSdeathsAdultF",1993,"1",4824.08
"AIDSdeathsAdultF",1993,"2",5002.58
"AIDSdeathsAdultF",1994,"1",8178.76
"AIDSdeathsAdultF",1994,"2",8368.4
"AIDSdeathsAdultF",1995,"1",13072.2
"AIDSdeathsAdultF",1995,"2",13185.1
"AIDSdeathsAdultF",1996,"1",19838.7
"AIDSdeathsAdultF",1996,"2",19730.6
"AIDSdeathsAdultF",1997,"1",28508.2
"AIDSdeathsAdultF",1997,"2",27976.3
"AIDSdeathsAdultF",1998,"1",39300.9
"AIDSdeathsAdultF",1998,"2",38117.4
"AIDSdeathsAdultF",1999,"1",52184.7
"AIDSdeathsAdultF",1999,"2",50117.1
"AIDSdeathsAdultF",2000,"1",66817.8
"AIDSdeathsAdultF",2000,"2",63683.8
"AIDSdeathsAdultF",2001,"1",81336.2
"AIDSdeathsAdultF",2001,"2",76782.2
"AIDSdeathsAdultF",2002,"1",96692.2
"AIDSdeathsAdultF",2002,"2",90579.1
"AIDSdeathsAdultF",2003,"1",112179
"AIDSdeathsAdultF",2003,"2",104460
"AIDSdeathsAdultF",2004,"1",127683
"AIDSdeathsAdultF",2004,"2",118897
"AIDSdeathsAdultF",2005,"1",130575
"AIDSdeathsAdultF",2005,"2",120038
"AIDSdeathsAdultF",2006,"1",125374
"AIDSdeathsAdultF",2006,"2",113414
"AIDSdeathsAdultF",2007,"1",113218
"AIDSdeathsAdultF",2007,"2",100943
"AIDSdeathsAdultF",2008,"1",100977
"AIDSdeathsAdultF",2008,"2",89918.6
"AIDSdeathsAdultF",2009,"1",88910.3
"AIDSdeathsAdultF",2009,"2",80080.6
"AIDSdeathsAdultF",2010,"1",74853.2
"AIDSdeathsAdultF",2010,"2",69006.7
"AIDSdeathsAdultF",2011,"1",61621.6
"AIDSdeathsAdultF",2011,"2",58449.3
"AIDSdeathsAdultF",2012,"1",49971.1
"AIDSdeathsAdultF",2012,"2",48583.8
"AIDSdeathsAdultF",2013,"1",41703.4
"AIDSdeathsAdultF",2013,"2",41166.7
"AIDSdeathsAdultF",2014,"1",36358.1
"AIDSdeathsAdultF",2014,"2",36152.3
"AIDSdeathsAdultF",2015,"1",32996.9
"AIDSdeathsAdultF",2015,"2",32840.9
"AIDSdeathsAdultF",2016,"1",30145.5
"AIDSdeathsAdultF",2016,"2",30065.8
"AIDSdeathsAdultF",2017,"1",27505.8
"AIDSdeathsAdultF",2017,"2",27469.6
"AIDSdeathsAdultF",2018,"1",25255.7
"AIDSdeathsAdultF",2018,"2",25300
"AIDSdeathsAdultF",2019,"1",23366.4
"AIDSdeathsAdultF",2019,"2",23499.9
"AIDSdeathsAdultF",2020,"1",22137.9
"AIDSdeathsAdultF",2020,"2",22296.9
"AIDSdeathsAdultF",2021,"1",21450.1
"AIDSdeathsAdultF",2021,"2",21598.8
"AIDSdeathsAdultF",2022,"1",21139.8
"AIDSdeathsAdultF",2022,"2",21159.6
"AIDSdeathsAdultF",2023,"1",21059.7
"AIDSdeathsAdultF",2023,"2",20875.4
"AIDSdeathsAdultF",2024,"1",21032.8
"AIDSdeathsAdultF",2024,"2",20646.4
"AIDSdeathsAdultF",2025,"1",20966.2
"AIDSdeathsAdultF",2025,"2",20478.3
"AIDSdeathsAdultF",2026,"1",20884
"AIDSdeathsAdultF",2026,"2",20356.8
"AIDSdeathsAdultF",2027,"1",20772.3
"AIDSdeathsAdultF",2027,"2",20252.7
"AIDSdeathsAdultF",2028,"1",20658.1
"AIDSdeathsAdultF",2028,"2",20155.6
"AIDSdeathsAdultF",2029,"1",20542.3
"AIDSdeathsAdultF",2029,"2",20059
"AIDSdeathsAdultF",2030,"1",20421.3
"AIDSdeathsAdultF",2030,"2",19956.9
"AIDSdeathsAdultF",2031,"1",20294.6
"AIDSdeathsAdultF",2031,"2",19847.7
"AIDSdeathsAdultF",2032,"1",20158.9
"AIDSdeathsAdultF",2032,"2",19728.3
"AIDSdeathsAdultF",2033,"1",20014.3
"AIDSdeathsAdultF",2033,"2",19598.7
"AIDSdeathsAdultF",2034,"1",19859.2
"AIDSdeathsAdultF",2034,"2",19457.6
"AIDSdeathsAdultF",2035,"1",19692.6
"AIDSdeathsAdultF",2035,"2",19304.3
"AIDSdeathsAdultF",2036,"1",19513.6
"AIDSdeathsAdultF",2036,"2",19138
"AIDSdeathsAdultF",2037,"1",19322.1
"AIDSdeathsAdultF",2037,"2",18958.5
"AIDSdeathsAdultF",2038,"1",19118.4
"AIDSdeathsAdultF",2038,"2",18766.4
"AIDSdeathsAdultF",2039,"1",18903
"AIDSdeathsAdultF",2039,"2",18562.1
"AIDSdeathsAdultF",2040,"1",18675.9
"AIDSdeathsAdultF",2040,"2",18345.8
"AIDSdeathsAdultF",2041,"1",18437.4
"AIDSdeathsAdultF",2041,"2",18117.8
"AIDSdeathsAdultF",2042,"1",18187.6
"AIDSdeathsAdultF",2042,"2",17878.2
"AIDSdeathsAdultF",2043,"1",17926.4
"AIDSdeathsAdultF",2043,"2",17627.1
"AIDSdeathsAdultF",2044,"1",17653.9
"AIDSdeathsAdultF",2044,"2",17364.5
"AIDSdeathsAdultF",2045,"1",17370.2
"AIDSdeathsAdultF",2045,"2",17090.6
"AIDSdeathsAdultF",2046,"1",17075.4
"AIDSdeathsAdultF",2046,"2",16805.4
"AIDSdeathsAdultF",2047,"1",16769.5
"AIDSdeathsAdultF",2047,"2",16509
"AIDSdeathsAdultF",2048,"1",16452.5
"AIDSdeathsAdultF",2048,"2",16201.3
"AIDSdeathsAdultF",2049,"1",16124.7
"AIDSdeathsAdultF",2049,"2",15882.6
"AIDSdeathsAdultF",2050,"1",15786.1
"AIDSdeathsAdultF",2050,"2",15552.9
"AIDSdeathsAdultF",2051,"1",15436.9
"AIDSdeathsAdultF",2051,"2",15212.4
"AIDSdeathsAdultF",2052,"1",15077.4
"AIDSdeathsAdultF",2052,"2",14861.2
"AIDSdeathsAdultF",2053,"1",14707.9
"AIDSdeathsAdultF",2053,"2",14499.8
"AIDSdeathsAdultF",2054,"1",14328.6
"AIDSdeathsAdultF",2054,"2",14128.2
"AIDSdeathsAdultF",2055,"1",13940
"AIDSdeathsAdultF",2055,"2",13747.1
"AIDSdeathsAdultF",2056,"1",13542.6
"AIDSdeathsAdultF",2056,"2",13356.8
"AIDSdeathsAdultF",2057,"1",13137
"AIDSdeathsAdultF",2057,"2",12957.9
"AIDSdeathsAdultF",2058,"1",12724
"AIDSdeathsAdultF",2058,"2",12551.2
"AIDSdeathsAdultF",2059,"1",12304.4
"AIDSdeathsAdultF",2059,"2",12137.5
"AIDSdeathsAdultF",2060,"1",11879.1
"AIDSdeathsAdultF",2060,"2",11717.6
"AIDSdeathsAdultF",2061,"1",11449.1
"AIDSdeathsAdultF",2061,"2",11292.7
"AIDSdeathsAdultF",2062,"1",11015.4
"AIDSdeathsAdultF",2062,"2",10863.9
"AIDSdeathsAdultF",2063,"1",10579.4
"AIDSdeathsAdultF",2063,"2",10432.3
"AIDSdeathsAdultF",2064,"1",10142.3
"AIDSdeathsAdultF",2064,"2",9999.29
"AIDSdeathsAdultF",2065,"1",9705.61
"AIDSdeathsAdultF",2065,"2",9566.36
"AIDSdeathsAdultF",2066,"1",9270.74
"AIDSdeathsAdultF",2066,"2",9135
"AIDSdeathsAdultF",2067,"1",8839.25
"AIDSdeathsAdultF",2067,"2",8706.78
"AIDSdeathsAdultF",2068,"1",8412.67
"AIDSdeathsAdultF",2068,"2",8283.26
"AIDSdeathsAdultF",2069,"1",7992.47
"AIDSdeathsAdultF",2069,"2",7865.97
"AIDSdeathsAdultF",2070,"1",7580.03
"AIDSdeathsAdultF",2070,"2",7456.32
"AIDSdeathsAdultF",2071,"1",7176.6
"AIDSdeathsAdultF",2071,"2",7055.59
"AIDSdeathsAdultF",2072,"1",6783.34
"AIDSdeathsAdultF",2072,"2",6665.01
"AIDSdeathsAdultF",2073,"1",6401.36
"AIDSdeathsAdultF",2073,"2",6285.72
"AIDSdeathsAdultF",2074,"1",6031.7
"AIDSdeathsAdultF",2074,"2",5918.8
"AIDSdeathsAdultF",2075,"1",5675.27
"AIDSdeathsAdultF",2075,"2",5565.22
"AIDSdeathsAdultF",2076,"1",5332.83
"AIDSdeathsAdultF",2076,"2",5225.76
"AIDSdeathsAdultF",2077,"1",5004.84
"AIDSdeathsAdultF",2077,"2",4900.88
"AIDSdeathsAdultF",2078,"1",4691.62
"AIDSdeathsAdultF",2078,"2",4590.95
"AIDSdeathsAdultF",2079,"1",4393.26
"AIDSdeathsAdultF",2079,"2",4296.04
"AIDSdeathsAdultF",2080,"1",4109.61
"AIDSdeathsAdultF",2080,"2",4015.99
"AIDSdeathsAdultF",2081,"1",3840.32
"AIDSdeathsAdultF",2081,"2",3750.45
"AIDSdeathsAdultF",2082,"1",3584.92
"AIDSdeathsAdultF",2082,"2",3498.94
"AIDSdeathsAdultF",2083,"1",3342.88
"AIDSdeathsAdultF",2083,"2",3260.9
"AIDSdeathsAdultF",2084,"1",3113.64
"AIDSdeathsAdultF",2084,"2",3035.77
"AIDSdeathsAdultF",2085,"1",2896.64
"AIDSdeathsAdultF",2085,"2",2822.97
"AIDSdeathsAdultF",2086,"1",2691.33
"AIDSdeathsAdultF",2086,"2",2621.94
"AIDSdeathsAdultF",2087,"1",2497.18
"AIDSdeathsAdultF",2087,"2",2432.11
"AIDSdeathsAdultF",2088,"1",2313.57
"AIDSdeathsAdultF",2088,"2",2252.86
"AIDSdeathsAdultF",2089,"1",2140.08
"AIDSdeathsAdultF",2089,"2",2083.76
"AIDSdeathsAdultF",2090,"1",1976.3
"AIDSdeathsAdultF",2090,"2",1924.33
"AIDSdeathsAdultF",2091,"1",1821.75
"AIDSdeathsAdultF",2091,"2",1774.09
"AIDSdeathsAdultF",2092,"1",1676.11
"AIDSdeathsAdultF",2092,"2",1632.68
"AIDSdeathsAdultF",2093,"1",1539.03
"AIDSdeathsAdultF",2093,"2",1499.72
"AIDSdeathsAdultF",2094,"1",1410.26
"AIDSdeathsAdultF",2094,"2",1374.94
"AIDSdeathsAdultF",2095,"1",1289.54
"AIDSdeathsAdultF",2095,"2",1258.04
"AIDSdeathsAdultF",2096,"1",1176.53
"AIDSdeathsAdultF",2096,"2",1148.68
"AIDSdeathsAdultF",2097,"1",1071.08
"AIDSdeathsAdultF",2097,"2",1046.69
"AIDSdeathsAdultF",2098,"1",973.061
"AIDSdeathsAdultF",2098,"2",951.933
"AIDSdeathsAdultF",2099,"1",882.325
"AIDSdeathsAdultF",2099,"2",864.252
"AIDSdeathsAdultF",2100,"1",798.756
"AIDSdeathsAdultF",2100,"2",783.528
"TotSexActs",1985,"1",293093000
"TotSexActs",1985,"2",284823000
"TotSexActs",1986,"1",299068000
"TotSexActs",1986,"2",290780000
"TotSexActs",1987,"1",306260000
"TotSexActs",1987,"2",297920000
"TotSexActs",1988,"1",313630000
"TotSexActs",1988,"2",305218000
"TotSexActs",1989,"1",321212000
"TotSexActs",1989,"2",312701000
"TotSexActs",1990,"1",328977000
"TotSexActs",1990,"2",320335000
"TotSexActs",1991,"1",339706000
"TotSexActs",1991,"2",330809000
"TotSexActs",1992,"1",351297000
"TotSexActs",1992,"2",342077000
"TotSexActs",1993,"1",363476000
"TotSexActs",1993,"2",353884000
"TotSexActs",1994,"1",375503000
"TotSexActs",1994,"2",365499000
"TotSexActs",1995,"1",387292000
"TotSexActs",1995,"2",376855000
"TotSexActs",1996,"1",398788000
"TotSexActs",1996,"2",387920000
"TotSexActs",1997,"1",407106000
"TotSexActs",1997,"2",395933000
"TotSexActs",1998,"1",414513000
"TotSexActs",1998,"2",403084000
"TotSexActs",1999,"1",421625000
"TotSexActs",1999,"2",409995000
"TotSexActs",2000,"1",428351000
"TotSexActs",2000,"2",416578000
"TotSexActs",2001,"1",434644000
"TotSexActs",2001,"2",422785000
"TotSexActs",2002,"1",440901000
"TotSexActs",2002,"2",428980000
"TotSexActs",2003,"1",446824000
"TotSexActs",2003,"2",434896000
"TotSexActs",2004,"1",452023000
"TotSexActs",2004,"2",440135000
"TotSexActs",2005,"1",456575000
"TotSexActs",2005,"2",444755000
"TotSexActs",2006,"1",461080000
"TotSexActs",2006,"2",449359000
"TotSexActs",2007,"1",467269000
"TotSexActs",2007,"2",455618000
"TotSexActs",2008,"1",474311000
"TotSexActs",2008,"2",462684000
"TotSexActs",2009,"1",481862000
"TotSexActs",2009,"2",470167000
"TotSexActs",2010,"1",489916000
"TotSexActs",2010,"2",478039000
"TotSexActs",2011,"1",498629000
"TotSexActs",2011,"2",486429000
"TotSexActs",2012,"1",507247000
"TotSexActs",2012,"2",494611000
"TotSexActs",2013,"1",516076000
"TotSexActs",2013,"2",502913000
"TotSexActs",2014,"1",524872000
"TotSexActs",2014,"2",511137000
"TotSexActs",2015,"1",533356000
"TotSexActs",2015,"2",519053000
"TotSexActs",2016,"1",541541000
"TotSexActs",2016,"2",526687000
"TotSexActs",2017,"1",549140000
"TotSexActs",2017,"2",533763000
"TotSexActs",2018,"1",556366000
"TotSexActs",2018,"2",540486000
"TotSexActs",2019,"1",563661000
"TotSexActs",2019,"2",547305000
"TotSexActs",2020,"1",570382000
"TotSexActs",2020,"2",553601000
"TotSexActs",2021,"1",573251000
"TotSexActs",2021,"2",556093000
"TotSexActs",2022,"1",577677000
"TotSexActs",2022,"2",560177000
"TotSexActs",2023,"1",583246000
"TotSexActs",2023,"2",565426000
"TotSexActs",2024,"1",589554000
"TotSexActs",2024,"2",571426000
"TotSexActs",2025,"1",596334000
"TotSexActs",2025,"2",577883000
"TotSexActs",2026,"1",603493000
"TotSexActs",2026,"2",584707000
"TotSexActs",2027,"1",610439000
"TotSexActs",2027,"2",591299000
"TotSexActs",2028,"1",617126000
"TotSexActs",2028,"2",597618000
"TotSexActs",2029,"1",623582000
"TotSexActs",2029,"2",603693000
"TotSexActs",2030,"1",629818000
"TotSexActs",2030,"2",609531000
"TotSexActs",2031,"1",635812000
"TotSexActs",2031,"2",615111000
"TotSexActs",2032,"1",641530000
"TotSexActs",2032,"2",620395000
"TotSexActs",2033,"1",646947000
"TotSexActs",2033,"2",625365000
"TotSexActs",2034,"1",652091000
"TotSexActs",2034,"2",630058000
"TotSexActs",2035,"1",657013000
"TotSexActs",2035,"2",634533000
"TotSexActs",2036,"1",661740000
"TotSexActs",2036,"2",638820000
"TotSexActs",2037,"1",666278000
"TotSexActs",2037,"2",642921000
"TotSexActs",2038,"1",670629000
"TotSexActs",2038,"2",646839000
"TotSexActs",2039,"1",674804000
"TotSexActs",2039,"2",650584000
"TotSexActs",2040,"1",678817000
"TotSexActs",2040,"2",654173000
"TotSexActs",2041,"1",682676000
"TotSexActs",2041,"2",657616000
"TotSexActs",2042,"1",686377000
"TotSexActs",2042,"2",660909000
"TotSexActs",2043,"1",689910000
"TotSexActs",2043,"2",664041000
"TotSexActs",2044,"1",693262000
"TotSexActs",2044,"2",667003000
"TotSexActs",2045,"1",696424000
"TotSexActs",2045,"2",669786000
"TotSexActs",2046,"1",699388000
"TotSexActs",2046,"2",672382000
"TotSexActs",2047,"1",702150000
"TotSexActs",2047,"2",674788000
"TotSexActs",2048,"1",704713000
"TotSexActs",2048,"2",677007000
"TotSexActs",2049,"1",707081000
"TotSexActs",2049,"2",679043000
"TotSexActs",2050,"1",709262000
"TotSexActs",2050,"2",680902000
"TotSexActs",2051,"1",711263000
"TotSexActs",2051,"2",682591000
"TotSexActs",2052,"1",713094000
"TotSexActs",2052,"2",684118000
"TotSexActs",2053,"1",714764000
"TotSexActs",2053,"2",685493000
"TotSexActs",2054,"1",716282000
"TotSexActs",2054,"2",686721000
"TotSexActs",2055,"1",717653000
"TotSexActs",2055,"2",687807000
"TotSexActs",2056,"1",718882000
"TotSexActs",2056,"2",688756000
"TotSexActs",2057,"1",719974000
"TotSexActs",2057,"2",689572000
"TotSexActs",2058,"1",720932000
"TotSexActs",2058,"2",690258000
"TotSexActs",2059,"1",721759000
"TotSexActs",2059,"2",690816000
"TotSexActs",2060,"1",722456000
"TotSexActs",2060,"2",691250000
"TotSexActs",2061,"1",723027000
"TotSexActs",2061,"2",691562000
"TotSexActs",2062,"1",723473000
"TotSexActs",2062,"2",691753000
"TotSexActs",2063,"1",723796000
"TotSexActs",2063,"2",691829000
"TotSexActs",2064,"1",724001000
"TotSexActs",2064,"2",691793000
"TotSexActs",2065,"1",724090000
"TotSexActs",2065,"2",691650000
"TotSexActs",2066,"1",724069000
"TotSexActs",2066,"2",691403000
"TotSexActs",2067,"1",723940000
"TotSexActs",2067,"2",691058000
"TotSexActs",2068,"1",723706000
"TotSexActs",2068,"2",690618000
"TotSexActs",2069,"1",723373000
"TotSexActs",2069,"2",690088000
"TotSexActs",2070,"1",722942000
"TotSexActs",2070,"2",689469000
"TotSexActs",2071,"1",722416000
"TotSexActs",2071,"2",688766000
"TotSexActs",2072,"1",721800000
"TotSexActs",2072,"2",687981000
"TotSexActs",2073,"1",721096000
"TotSexActs",2073,"2",687118000
"TotSexActs",2074,"1",720306000
"TotSexActs",2074,"2",686178000
"TotSexActs",2075,"1",719434000
"TotSexActs",2075,"2",685163000
"TotSexActs",2076,"1",718478000
"TotSexActs",2076,"2",684074000
"TotSexActs",2077,"1",717442000
"TotSexActs",2077,"2",682911000
"TotSexActs",2078,"1",716323000
"TotSexActs",2078,"2",681672000
"TotSexActs",2079,"1",715123000
"TotSexActs",2079,"2",680359000
"TotSexActs",2080,"1",713845000
"TotSexActs",2080,"2",678973000
"TotSexActs",2081,"1",712488000
"TotSexActs",2081,"2",677513000
"TotSexActs",2082,"1",711055000
"TotSexActs",2082,"2",675982000
"TotSexActs",2083,"1",709546000
"TotSexActs",2083,"2",674379000
"TotSexActs",2084,"1",707965000
"TotSexActs",2084,"2",672708000
"TotSexActs",2085,"1",706316000
"TotSexActs",2085,"2",670972000
"TotSexActs",2086,"1",704598000
"TotSexActs",2086,"2",669171000
"TotSexActs",2087,"1",702815000
"TotSexActs",2087,"2",667307000
"TotSexActs",2088,"1",700972000
"TotSexActs",2088,"2",665386000
"TotSexActs",2089,"1",699069000
"TotSexActs",2089,"2",663408000
"TotSexActs",2090,"1",697108000
"TotSexActs",2090,"2",661376000
"TotSexActs",2091,"1",695094000
"TotSexActs",2091,"2",659294000
"TotSexActs",2092,"1",693031000
"TotSexActs",2092,"2",657166000
"TotSexActs",2093,"1",690921000
"TotSexActs",2093,"2",654994000
"TotSexActs",2094,"1",688767000
"TotSexActs",2094,"2",652782000
"TotSexActs",2095,"1",686568000
"TotSexActs",2095,"2",650530000
"TotSexActs",2096,"1",684332000
"TotSexActs",2096,"2",648244000
"TotSexActs",2097,"1",682058000
"TotSexActs",2097,"2",645925000
"TotSexActs",2098,"1",679751000
"TotSexActs",2098,"2",643578000
"TotSexActs",2099,"1",677414000
"TotSexActs",2099,"2",641204000
"TotSexActs",2100,"1",675047000
"TotSexActs",2100,"2",638806000
"SWsexActs",1985,"1",40858100
"SWsexActs",1985,"2",40858100
"SWsexActs",1986,"1",40945800
"SWsexActs",1986,"2",40945700
"SWsexActs",1987,"1",42325900
"SWsexActs",1987,"2",42325200
"SWsexActs",1988,"1",43732000
"SWsexActs",1988,"2",43729500
"SWsexActs",1989,"1",45165800
"SWsexActs",1989,"2",45157800
"SWsexActs",1990,"1",46602800
"SWsexActs",1990,"2",46582700
"SWsexActs",1991,"1",48014900
"SWsexActs",1991,"2",47973700
"SWsexActs",1992,"1",49373100
"SWsexActs",1992,"2",49301400
"SWsexActs",1993,"1",51348000
"SWsexActs",1993,"2",51236900
"SWsexActs",1994,"1",53266100
"SWsexActs",1994,"2",53111000
"SWsexActs",1995,"1",55103100
"SWsexActs",1995,"2",54904500
"SWsexActs",1996,"1",56837000
"SWsexActs",1996,"2",56601900
"SWsexActs",1997,"1",58449400
"SWsexActs",1997,"2",58190900
"SWsexActs",1998,"1",59286100
"SWsexActs",1998,"2",59024900
"SWsexActs",1999,"1",59949900
"SWsexActs",1999,"2",59708000
"SWsexActs",2000,"1",60458200
"SWsexActs",2000,"2",60258600
"SWsexActs",2001,"1",60833700
"SWsexActs",2001,"2",60698500
"SWsexActs",2002,"1",61125800
"SWsexActs",2002,"2",61075300
"SWsexActs",2003,"1",61646100
"SWsexActs",2003,"2",61696900
"SWsexActs",2004,"1",62110500
"SWsexActs",2004,"2",62275700
"SWsexActs",2005,"1",62559500
"SWsexActs",2005,"2",62844900
"SWsexActs",2006,"1",63154700
"SWsexActs",2006,"2",63565800
"SWsexActs",2007,"1",63945400
"SWsexActs",2007,"2",64484900
"SWsexActs",2008,"1",65300400
"SWsexActs",2008,"2",65967700
"SWsexActs",2009,"1",67011200
"SWsexActs",2009,"2",67796000
"SWsexActs",2010,"1",69142100
"SWsexActs",2010,"2",70030100
"SWsexActs",2011,"1",71823100
"SWsexActs",2011,"2",72783700
"SWsexActs",2012,"1",75067100
"SWsexActs",2012,"2",76054900
"SWsexActs",2013,"1",78589500
"SWsexActs",2013,"2",79566000
"SWsexActs",2014,"1",82315800
"SWsexActs",2014,"2",83259300
"SWsexActs",2015,"1",86087800
"SWsexActs",2015,"2",87000900
"SWsexActs",2016,"1",89951000
"SWsexActs",2016,"2",90828200
"SWsexActs",2017,"1",93986700
"SWsexActs",2017,"2",94816700
"SWsexActs",2018,"1",97931000
"SWsexActs",2018,"2",98694800
"SWsexActs",2019,"1",101830000
"SWsexActs",2019,"2",102517000
"SWsexActs",2020,"1",105701000
"SWsexActs",2020,"2",106308000
"SWsexActs",2021,"1",109240000
"SWsexActs",2021,"2",109757000
"SWsexActs",2022,"1",112438000
"SWsexActs",2022,"2",112896000
"SWsexActs",2023,"1",115506000
"SWsexActs",2023,"2",115906000
"SWsexActs",2024,"1",118501000
"SWsexActs",2024,"2",118844000
"SWsexActs",2025,"1",121290000
"SWsexActs",2025,"2",121569000
"SWsexActs",2026,"1",123909000
"SWsexActs",2026,"2",124133000
"SWsexActs",2027,"1",126374000
"SWsexActs",2027,"2",126553000
"SWsexActs",2028,"1",128647000
"SWsexActs",2028,"2",128790000
"SWsexActs",2029,"1",130757000
"SWsexActs",2029,"2",130873000
"SWsexActs",2030,"1",132743000
"SWsexActs",2030,"2",132841000
"SWsexActs",2031,"1",134644000
"SWsexActs",2031,"2",134730000
"SWsexActs",2032,"1",136499000
"SWsexActs",2032,"2",136578000
"SWsexActs",2033,"1",138342000
"SWsexActs",2033,"2",138421000
"SWsexActs",2034,"1",140206000
"SWsexActs",2034,"2",140287000
"SWsexActs",2035,"1",142114000
"SWsexActs",2035,"2",142201000
"SWsexActs",2036,"1",144081000
"SWsexActs",2036,"2",144177000
"SWsexActs",2037,"1",146117000
"SWsexActs",2037,"2",146222000
"SWsexActs",2038,"1",148222000
"SWsexActs",2038,"2",148337000
"SWsexActs",2039,"1",150388000
"SWsexActs",2039,"2",150514000
"SWsexActs",2040,"1",152605000
"SWsexActs",2040,"2",152740000
"SWsexActs",2041,"1",154855000
"SWsexActs",2041,"2",154998000
"SWsexActs",2042,"1",157119000
"SWsexActs",2042,"2",157268000
"SWsexActs",2043,"1",159376000
"SWsexActs",2043,"2",159530000
"SWsexActs",2044,"1",161604000
"SWsexActs",2044,"2",161760000
"SWsexActs",2045,"1",163782000
"SWsexActs",2045,"2",163938000
"SWsexActs",2046,"1",165892000
"SWsexActs",2046,"2",166046000
"SWsexActs",2047,"1",167918000
"SWsexActs",2047,"2",168067000
"SWsexActs",2048,"1",169849000
"SWsexActs",2048,"2",169989000
"SWsexActs",2049,"1",171675000
"SWsexActs",2049,"2",171805000
"SWsexActs",2050,"1",173392000
"SWsexActs",2050,"2",173508000
"SWsexActs",2051,"1",174999000
"SWsexActs",2051,"2",175098000
"SWsexActs",2052,"1",176496000
"SWsexActs",2052,"2",176577000
"SWsexActs",2053,"1",177888000
"SWsexActs",2053,"2",177948000
"SWsexActs",2054,"1",179182000
"SWsexActs",2054,"2",179220000
"SWsexActs",2055,"1",180385000
"SWsexActs",2055,"2",180400000
"SWsexActs",2056,"1",181508000
"SWsexActs",2056,"2",181500000
"SWsexActs",2057,"1",182560000
"SWsexActs",2057,"2",182529000
"SWsexActs",2058,"1",183552000
"SWsexActs",2058,"2",183499000
"SWsexActs",2059,"1",184494000
"SWsexActs",2059,"2",184421000
"SWsexActs",2060,"1",185397000
"SWsexActs",2060,"2",185305000
"SWsexActs",2061,"1",186270000
"SWsexActs",2061,"2",186163000
"SWsexActs",2062,"1",187121000
"SWsexActs",2062,"2",187001000
"SWsexActs",2063,"1",187956000
"SWsexActs",2063,"2",187828000
"SWsexActs",2064,"1",188782000
"SWsexActs",2064,"2",188648000
"SWsexActs",2065,"1",189603000
"SWsexActs",2065,"2",189467000
"SWsexActs",2066,"1",190420000
"SWsexActs",2066,"2",190285000
"SWsexActs",2067,"1",191234000
"SWsexActs",2067,"2",191104000
"SWsexActs",2068,"1",192045000
"SWsexActs",2068,"2",191923000
"SWsexActs",2069,"1",192850000
"SWsexActs",2069,"2",192738000
"SWsexActs",2070,"1",193645000
"SWsexActs",2070,"2",193547000
"SWsexActs",2071,"1",194426000
"SWsexActs",2071,"2",194344000
"SWsexActs",2072,"1",195189000
"SWsexActs",2072,"2",195123000
"SWsexActs",2073,"1",195927000
"SWsexActs",2073,"2",195880000
"SWsexActs",2074,"1",196636000
"SWsexActs",2074,"2",196609000
"SWsexActs",2075,"1",197310000
"SWsexActs",2075,"2",197303000
"SWsexActs",2076,"1",197944000
"SWsexActs",2076,"2",197959000
"SWsexActs",2077,"1",198535000
"SWsexActs",2077,"2",198571000
"SWsexActs",2078,"1",199080000
"SWsexActs",2078,"2",199137000
"SWsexActs",2079,"1",199576000
"SWsexActs",2079,"2",199654000
"SWsexActs",2080,"1",200023000
"SWsexActs",2080,"2",200121000
"SWsexActs",2081,"1",200420000
"SWsexActs",2081,"2",200538000
"SWsexActs",2082,"1",200769000
"SWsexActs",2082,"2",200906000
"SWsexActs",2083,"1",201070000
"SWsexActs",2083,"2",201227000
"SWsexActs",2084,"1",201328000
"SWsexActs",2084,"2",201503000
"SWsexActs",2085,"1",201545000
"SWsexActs",2085,"2",201737000
"SWsexActs",2086,"1",201725000
"SWsexActs",2086,"2",201934000
"SWsexActs",2087,"1",201872000
"SWsexActs",2087,"2",202098000
"SWsexActs",2088,"1",201990000
"SWsexActs",2088,"2",202232000
"SWsexActs",2089,"1",202083000
"SWsexActs",2089,"2",202341000
"SWsexActs",2090,"1",202155000
"SWsexActs",2090,"2",202429000
"SWsexActs",2091,"1",202209000
"SWsexActs",2091,"2",202500000
"SWsexActs",2092,"1",202249000
"SWsexActs",2092,"2",202556000
"SWsexActs",2093,"1",202276000
"SWsexActs",2093,"2",202600000
"SWsexActs",2094,"1",202293000
"SWsexActs",2094,"2",202634000
"SWsexActs",2095,"1",202302000
"SWsexActs",2095,"2",202659000
"SWsexActs",2096,"1",202302000
"SWsexActs",2096,"2",202676000
"SWsexActs",2097,"1",202294000
"SWsexActs",2097,"2",202685000
"SWsexActs",2098,"1",202276000
"SWsexActs",2098,"2",202685000
"SWsexActs",2099,"1",202250000
"SWsexActs",2099,"2",202676000
"SWsexActs",2100,"1",202212000
"SWsexActs",2100,"2",202655000
"TotProtSexActs",1985,"1",8780310
"TotProtSexActs",1985,"2",8472890
"TotProtSexActs",1986,"1",8870820
"TotProtSexActs",1986,"2",8556680
"TotProtSexActs",1987,"1",9147680
"TotProtSexActs",1987,"2",8822320
"TotProtSexActs",1988,"1",9433240
"TotProtSexActs",1988,"2",9096510
"TotProtSexActs",1989,"1",9737430
"TotProtSexActs",1989,"2",9388360
"TotProtSexActs",1990,"1",10083500
"TotProtSexActs",1990,"2",9719610
"TotProtSexActs",1991,"1",10564000
"TotProtSexActs",1991,"2",10178000
"TotProtSexActs",1992,"1",11274400
"TotProtSexActs",1992,"2",10855800
"TotProtSexActs",1993,"1",12522900
"TotProtSexActs",1993,"2",12050900
"TotProtSexActs",1994,"1",14550000
"TotProtSexActs",1994,"2",13993600
"TotProtSexActs",1995,"1",17815400
"TotProtSexActs",1995,"2",17126200
"TotProtSexActs",1996,"1",22847500
"TotProtSexActs",1996,"2",21957600
"TotProtSexActs",1997,"1",30021300
"TotProtSexActs",1997,"2",28853900
"TotProtSexActs",1998,"1",39361300
"TotProtSexActs",1998,"2",37833900
"TotProtSexActs",1999,"1",50879600
"TotProtSexActs",1999,"2",48907700
"TotProtSexActs",2000,"1",64086800
"TotProtSexActs",2000,"2",61597000
"TotProtSexActs",2001,"1",78181400
"TotProtSexActs",2001,"2",75124000
"TotProtSexActs",2002,"1",92119500
"TotProtSexActs",2002,"2",88482400
"TotProtSexActs",2003,"1",104816000
"TotProtSexActs",2003,"2",100653000
"TotProtSexActs",2004,"1",114922000
"TotProtSexActs",2004,"2",110354000
"TotProtSexActs",2005,"1",121903000
"TotProtSexActs",2005,"2",117082000
"TotProtSexActs",2006,"1",126255000
"TotProtSexActs",2006,"2",121319000
"TotProtSexActs",2007,"1",129307000
"TotProtSexActs",2007,"2",124322000
"TotProtSexActs",2008,"1",131968000
"TotProtSexActs",2008,"2",126961000
"TotProtSexActs",2009,"1",134616000
"TotProtSexActs",2009,"2",129573000
"TotProtSexActs",2010,"1",137516000
"TotProtSexActs",2010,"2",132407000
"TotProtSexActs",2011,"1",140836000
"TotProtSexActs",2011,"2",135615000
"TotProtSexActs",2012,"1",144415000
"TotProtSexActs",2012,"2",139042000
"TotProtSexActs",2013,"1",148205000
"TotProtSexActs",2013,"2",142641000
"TotProtSexActs",2014,"1",152128000
"TotProtSexActs",2014,"2",146353000
"TotProtSexActs",2015,"1",156052000
"TotProtSexActs",2015,"2",150071000
"TotProtSexActs",2016,"1",160028000
"TotProtSexActs",2016,"2",153844000
"TotProtSexActs",2017,"1",164037000
"TotProtSexActs",2017,"2",157654000
"TotProtSexActs",2018,"1",167961000
"TotProtSexActs",2018,"2",161377000
"TotProtSexActs",2019,"1",171898000
"TotProtSexActs",2019,"2",165118000
"TotProtSexActs",2020,"1",175725000
"TotProtSexActs",2020,"2",168769000
"TotProtSexActs",2021,"1",178834000
"TotProtSexActs",2021,"2",171734000
"TotProtSexActs",2022,"1",181991000
"TotProtSexActs",2022,"2",174770000
"TotProtSexActs",2023,"1",185246000
"TotProtSexActs",2023,"2",177904000
"TotProtSexActs",2024,"1",188566000
"TotProtSexActs",2024,"2",181102000
"TotProtSexActs",2025,"1",191815000
"TotProtSexActs",2025,"2",184213000
"TotProtSexActs",2026,"1",194980000
"TotProtSexActs",2026,"2",187236000
"TotProtSexActs",2027,"1",198020000
"TotProtSexActs",2027,"2",190133000
"TotProtSexActs",2028,"1",200902000
"TotProtSexActs",2028,"2",192872000
"TotProtSexActs",2029,"1",203646000
"TotProtSexActs",2029,"2",195474000
"TotProtSexActs",2030,"1",206272000
"TotProtSexActs",2030,"2",197959000
"TotProtSexActs",2031,"1",208790000
"TotProtSexActs",2031,"2",200334000
"TotProtSexActs",2032,"1",211202000
"TotProtSexActs",2032,"2",202602000
"TotProtSexActs",2033,"1",213518000
"TotProtSexActs",2033,"2",204775000
"TotProtSexActs",2034,"1",215768000
"TotProtSexActs",2034,"2",206885000
"TotProtSexActs",2035,"1",217984000
"TotProtSexActs",2035,"2",208966000
"TotProtSexActs",2036,"1",220185000
"TotProtSexActs",2036,"2",211038000
"TotProtSexActs",2037,"1",222378000
"TotProtSexActs",2037,"2",213107000
"TotProtSexActs",2038,"1",224566000
"TotProtSexActs",2038,"2",215172000
"TotProtSexActs",2039,"1",226751000
"TotProtSexActs",2039,"2",217237000
"TotProtSexActs",2040,"1",228933000
"TotProtSexActs",2040,"2",219302000
"TotProtSexActs",2041,"1",231109000
"TotProtSexActs",2041,"2",221364000
"TotProtSexActs",2042,"1",233267000
"TotProtSexActs",2042,"2",223410000
"TotProtSexActs",2043,"1",235393000
"TotProtSexActs",2043,"2",225428000
"TotProtSexActs",2044,"1",237473000
"TotProtSexActs",2044,"2",227402000
"TotProtSexActs",2045,"1",239492000
"TotProtSexActs",2045,"2",229318000
"TotProtSexActs",2046,"1",241439000
"TotProtSexActs",2046,"2",231167000
"TotProtSexActs",2047,"1",243304000
"TotProtSexActs",2047,"2",232937000
"TotProtSexActs",2048,"1",245083000
"TotProtSexActs",2048,"2",234624000
"TotProtSexActs",2049,"1",246771000
"TotProtSexActs",2049,"2",236223000
"TotProtSexActs",2050,"1",248369000
"TotProtSexActs",2050,"2",237734000
"TotProtSexActs",2051,"1",249876000
"TotProtSexActs",2051,"2",239157000
"TotProtSexActs",2052,"1",251297000
"TotProtSexActs",2052,"2",240494000
"TotProtSexActs",2053,"1",252634000
"TotProtSexActs",2053,"2",241750000
"TotProtSexActs",2054,"1",253894000
"TotProtSexActs",2054,"2",242929000
"TotProtSexActs",2055,"1",255079000
"TotProtSexActs",2055,"2",244035000
"TotProtSexActs",2056,"1",256196000
"TotProtSexActs",2056,"2",245073000
"TotProtSexActs",2057,"1",257250000
"TotProtSexActs",2057,"2",246049000
"TotProtSexActs",2058,"1",258244000
"TotProtSexActs",2058,"2",246968000
"TotProtSexActs",2059,"1",259185000
"TotProtSexActs",2059,"2",247835000
"TotProtSexActs",2060,"1",260076000
"TotProtSexActs",2060,"2",248654000
"TotProtSexActs",2061,"1",260923000
"TotProtSexActs",2061,"2",249432000
"TotProtSexActs",2062,"1",261728000
"TotProtSexActs",2062,"2",250172000
"TotProtSexActs",2063,"1",262497000
"TotProtSexActs",2063,"2",250877000
"TotProtSexActs",2064,"1",263231000
"TotProtSexActs",2064,"2",251553000
"TotProtSexActs",2065,"1",263933000
"TotProtSexActs",2065,"2",252202000
"TotProtSexActs",2066,"1",264607000
"TotProtSexActs",2066,"2",252827000
"TotProtSexActs",2067,"1",265253000
"TotProtSexActs",2067,"2",253428000
"TotProtSexActs",2068,"1",265871000
"TotProtSexActs",2068,"2",254007000
"TotProtSexActs",2069,"1",266463000
"TotProtSexActs",2069,"2",254563000
"TotProtSexActs",2070,"1",267027000
"TotProtSexActs",2070,"2",255096000
"TotProtSexActs",2071,"1",267561000
"TotProtSexActs",2071,"2",255604000
"TotProtSexActs",2072,"1",268065000
"TotProtSexActs",2072,"2",256086000
"TotProtSexActs",2073,"1",268536000
"TotProtSexActs",2073,"2",256539000
"TotProtSexActs",2074,"1",268973000
"TotProtSexActs",2074,"2",256961000
"TotProtSexActs",2075,"1",269374000
"TotProtSexActs",2075,"2",257350000
"TotProtSexActs",2076,"1",269736000
"TotProtSexActs",2076,"2",257703000
"TotProtSexActs",2077,"1",270058000
"TotProtSexActs",2077,"2",258018000
"TotProtSexActs",2078,"1",270339000
"TotProtSexActs",2078,"2",258295000
"TotProtSexActs",2079,"1",270577000
"TotProtSexActs",2079,"2",258531000
"TotProtSexActs",2080,"1",270773000
"TotProtSexActs",2080,"2",258726000
"TotProtSexActs",2081,"1",270927000
"TotProtSexActs",2081,"2",258880000
"TotProtSexActs",2082,"1",271040000
"TotProtSexActs",2082,"2",258994000
"TotProtSexActs",2083,"1",271113000
"TotProtSexActs",2083,"2",259069000
"TotProtSexActs",2084,"1",271147000
"TotProtSexActs",2084,"2",259106000
"TotProtSexActs",2085,"1",271145000
"TotProtSexActs",2085,"2",259108000
"TotProtSexActs",2086,"1",271109000
"TotProtSexActs",2086,"2",259075000
"TotProtSexActs",2087,"1",271041000
"TotProtSexActs",2087,"2",259011000
"TotProtSexActs",2088,"1",270943000
"TotProtSexActs",2088,"2",258918000
"TotProtSexActs",2089,"1",270818000
"TotProtSexActs",2089,"2",258799000
"TotProtSexActs",2090,"1",270668000
"TotProtSexActs",2090,"2",258654000
"TotProtSexActs",2091,"1",270494000
"TotProtSexActs",2091,"2",258488000
"TotProtSexActs",2092,"1",270300000
"TotProtSexActs",2092,"2",258301000
"TotProtSexActs",2093,"1",270086000
"TotProtSexActs",2093,"2",258095000
"TotProtSexActs",2094,"1",269853000
"TotProtSexActs",2094,"2",257872000
"TotProtSexActs",2095,"1",269603000
"TotProtSexActs",2095,"2",257633000
"TotProtSexActs",2096,"1",269336000
"TotProtSexActs",2096,"2",257378000
"TotProtSexActs",2097,"1",269054000
"TotProtSexActs",2097,"2",257108000
"TotProtSexActs",2098,"1",268754000
"TotProtSexActs",2098,"2",256823000
"TotProtSexActs",2099,"1",268439000
"TotProtSexActs",2099,"2",256524000
"TotProtSexActs",2100,"1",268107000
"TotProtSexActs",2100,"2",256209000
"SWsexActsProt",1985,"1",5958980
"SWsexActsProt",1985,"2",5814100
"SWsexActsProt",1986,"1",5971780
"SWsexActsProt",1986,"2",5826570
"SWsexActsProt",1987,"1",6173190
"SWsexActsProt",1987,"2",6023000
"SWsexActsProt",1988,"1",6379860
"SWsexActsProt",1988,"2",6224390
"SWsexActsProt",1989,"1",6598050
"SWsexActsProt",1989,"2",6436520
"SWsexActsProt",1990,"1",6841820
"SWsexActsProt",1990,"2",6672750
"SWsexActsProt",1991,"1",7147540
"SWsexActsProt",1991,"2",6968290
"SWsexActsProt",1992,"1",7589180
"SWsexActsProt",1992,"2",7395330
"SWsexActsProt",1993,"1",8408640
"SWsexActsProt",1993,"2",8190040
"SWsexActsProt",1994,"1",9715210
"SWsexActsProt",1994,"2",9459810
"SWsexActsProt",1995,"1",11770400
"SWsexActsProt",1995,"2",11461700
"SWsexActsProt",1996,"1",14827200
"SWsexActsProt",1996,"2",14447300
"SWsexActsProt",1997,"1",19010500
"SWsexActsProt",1997,"2",18547300
"SWsexActsProt",1998,"1",23933700
"SWsexActsProt",1998,"2",23395800
"SWsexActsProt",1999,"1",29319900
"SWsexActsProt",1999,"2",28731600
"SWsexActsProt",2000,"1",34603900
"SWsexActsProt",2000,"2",34004100
"SWsexActsProt",2001,"1",39286600
"SWsexActsProt",2001,"2",38717200
"SWsexActsProt",2002,"1",43082700
"SWsexActsProt",2002,"2",42579700
"SWsexActsProt",2003,"1",46119500
"SWsexActsProt",2003,"2",45705200
"SWsexActsProt",2004,"1",48252200
"SWsexActsProt",2004,"2",47940500
"SWsexActsProt",2005,"1",49651500
"SWsexActsProt",2005,"2",49444900
"SWsexActsProt",2006,"1",50645700
"SWsexActsProt",2006,"2",50543000
"SWsexActsProt",2007,"1",51486500
"SWsexActsProt",2007,"2",51484600
"SWsexActsProt",2008,"1",52639800
"SWsexActsProt",2008,"2",52732100
"SWsexActsProt",2009,"1",54034300
"SWsexActsProt",2009,"2",54209400
"SWsexActsProt",2010,"1",55759700
"SWsexActsProt",2010,"2",56003000
"SWsexActsProt",2011,"1",57930800
"SWsexActsProt",2011,"2",58214300
"SWsexActsProt",2012,"1",60561300
"SWsexActsProt",2012,"2",60845100
"SWsexActsProt",2013,"1",63424700
"SWsexActsProt",2013,"2",63676100
"SWsexActsProt",2014,"1",66463900
"SWsexActsProt",2014,"2",66664500
"SWsexActsProt",2015,"1",69554400
"SWsexActsProt",2015,"2",69706300
"SWsexActsProt",2016,"1",72735200
"SWsexActsProt",2016,"2",72833500
"SWsexActsProt",2017,"1",76071600
"SWsexActsProt",2017,"2",76106400
"SWsexActsProt",2018,"1",79344800
"SWsexActsProt",2018,"2",79301600
"SWsexActsProt",2019,"1",82581500
"SWsexActsProt",2019,"2",82452300
"SWsexActsProt",2020,"1",85783100
"SWsexActsProt",2020,"2",85564300
"SWsexActsProt",2021,"1",88694800
"SWsexActsProt",2021,"2",88380900
"SWsexActsProt",2022,"1",91309700
"SWsexActsProt",2022,"2",90926800
"SWsexActsProt",2023,"1",93807100
"SWsexActsProt",2023,"2",93356800
"SWsexActsProt",2024,"1",96239800
"SWsexActsProt",2024,"2",95723900
"SWsexActsProt",2025,"1",98505300
"SWsexActsProt",2025,"2",97919300
"SWsexActsProt",2026,"1",100632000
"SWsexActsProt",2026,"2",99984100
"SWsexActsProt",2027,"1",102635000
"SWsexActsProt",2027,"2",101934000
"SWsexActsProt",2028,"1",104480000
"SWsexActsProt",2028,"2",103735000
"SWsexActsProt",2029,"1",106194000
"SWsexActsProt",2029,"2",105413000
"SWsexActsProt",2030,"1",107807000
"SWsexActsProt",2030,"2",106998000
"SWsexActsProt",2031,"1",109351000
"SWsexActsProt",2031,"2",108520000
"SWsexActsProt",2032,"1",110857000
"SWsexActsProt",2032,"2",110009000
"SWsexActsProt",2033,"1",112354000
"SWsexActsProt",2033,"2",111493000
"SWsexActsProt",2034,"1",113868000
"SWsexActsProt",2034,"2",112996000
"SWsexActsProt",2035,"1",115417000
"SWsexActsProt",2035,"2",114538000
"SWsexActsProt",2036,"1",117015000
"SWsexActsProt",2036,"2",116129000
"SWsexActsProt",2037,"1",118669000
"SWsexActsProt",2037,"2",117777000
"SWsexActsProt",2038,"1",120378000
"SWsexActsProt",2038,"2",119480000
"SWsexActsProt",2039,"1",122137000
"SWsexActsProt",2039,"2",121233000
"SWsexActsProt",2040,"1",123938000
"SWsexActsProt",2040,"2",123026000
"SWsexActsProt",2041,"1",125765000
"SWsexActsProt",2041,"2",124845000
"SWsexActsProt",2042,"1",127604000
"SWsexActsProt",2042,"2",126674000
"SWsexActsProt",2043,"1",129437000
"SWsexActsProt",2043,"2",128495000
"SWsexActsProt",2044,"1",131246000
"SWsexActsProt",2044,"2",130291000
"SWsexActsProt",2045,"1",133015000
"SWsexActsProt",2045,"2",132046000
"SWsexActsProt",2046,"1",134729000
"SWsexActsProt",2046,"2",133743000
"SWsexActsProt",2047,"1",136374000
"SWsexActsProt",2047,"2",135371000
"SWsexActsProt",2048,"1",137942000
"SWsexActsProt",2048,"2",136920000
"SWsexActsProt",2049,"1",139425000
"SWsexActsProt",2049,"2",138382000
"SWsexActsProt",2050,"1",140820000
"SWsexActsProt",2050,"2",139754000
"SWsexActsProt",2051,"1",142125000
"SWsexActsProt",2051,"2",141035000
"SWsexActsProt",2052,"1",143340000
"SWsexActsProt",2052,"2",142226000
"SWsexActsProt",2053,"1",144471000
"SWsexActsProt",2053,"2",143330000
"SWsexActsProt",2054,"1",145522000
"SWsexActsProt",2054,"2",144355000
"SWsexActsProt",2055,"1",146499000
"SWsexActsProt",2055,"2",145305000
"SWsexActsProt",2056,"1",147411000
"SWsexActsProt",2056,"2",146191000
"SWsexActsProt",2057,"1",148265000
"SWsexActsProt",2057,"2",147020000
"SWsexActsProt",2058,"1",149071000
"SWsexActsProt",2058,"2",147801000
"SWsexActsProt",2059,"1",149836000
"SWsexActsProt",2059,"2",148544000
"SWsexActsProt",2060,"1",150570000
"SWsexActsProt",2060,"2",149256000
"SWsexActsProt",2061,"1",151278000
"SWsexActsProt",2061,"2",149947000
"SWsexActsProt",2062,"1",151969000
"SWsexActsProt",2062,"2",150622000
"SWsexActsProt",2063,"1",152648000
"SWsexActsProt",2063,"2",151288000
"SWsexActsProt",2064,"1",153319000
"SWsexActsProt",2064,"2",151949000
"SWsexActsProt",2065,"1",153985000
"SWsexActsProt",2065,"2",152608000
"SWsexActsProt",2066,"1",154649000
"SWsexActsProt",2066,"2",153267000
"SWsexActsProt",2067,"1",155310000
"SWsexActsProt",2067,"2",153927000
"SWsexActsProt",2068,"1",155969000
"SWsexActsProt",2068,"2",154586000
"SWsexActsProt",2069,"1",156622000
"SWsexActsProt",2069,"2",155243000
"SWsexActsProt",2070,"1",157268000
"SWsexActsProt",2070,"2",155894000
"SWsexActsProt",2071,"1",157903000
"SWsexActsProt",2071,"2",156536000
"SWsexActsProt",2072,"1",158522000
"SWsexActsProt",2072,"2",157164000
"SWsexActsProt",2073,"1",159122000
"SWsexActsProt",2073,"2",157774000
"SWsexActsProt",2074,"1",159697000
"SWsexActsProt",2074,"2",158361000
"SWsexActsProt",2075,"1",160244000
"SWsexActsProt",2075,"2",158920000
"SWsexActsProt",2076,"1",160760000
"SWsexActsProt",2076,"2",159448000
"SWsexActsProt",2077,"1",161240000
"SWsexActsProt",2077,"2",159942000
"SWsexActsProt",2078,"1",161682000
"SWsexActsProt",2078,"2",160397000
"SWsexActsProt",2079,"1",162085000
"SWsexActsProt",2079,"2",160814000
"SWsexActsProt",2080,"1",162448000
"SWsexActsProt",2080,"2",161190000
"SWsexActsProt",2081,"1",162770000
"SWsexActsProt",2081,"2",161526000
"SWsexActsProt",2082,"1",163053000
"SWsexActsProt",2082,"2",161822000
"SWsexActsProt",2083,"1",163299000
"SWsexActsProt",2083,"2",162080000
"SWsexActsProt",2084,"1",163508000
"SWsexActsProt",2084,"2",162303000
"SWsexActsProt",2085,"1",163684000
"SWsexActsProt",2085,"2",162491000
"SWsexActsProt",2086,"1",163830000
"SWsexActsProt",2086,"2",162650000
"SWsexActsProt",2087,"1",163949000
"SWsexActsProt",2087,"2",162782000
"SWsexActsProt",2088,"1",164045000
"SWsexActsProt",2088,"2",162890000
"SWsexActsProt",2089,"1",164121000
"SWsexActsProt",2089,"2",162978000
"SWsexActsProt",2090,"1",164179000
"SWsexActsProt",2090,"2",163049000
"SWsexActsProt",2091,"1",164223000
"SWsexActsProt",2091,"2",163106000
"SWsexActsProt",2092,"1",164255000
"SWsexActsProt",2092,"2",163151000
"SWsexActsProt",2093,"1",164278000
"SWsexActsProt",2093,"2",163186000
"SWsexActsProt",2094,"1",164292000
"SWsexActsProt",2094,"2",163213000
"SWsexActsProt",2095,"1",164299000
"SWsexActsProt",2095,"2",163234000
"SWsexActsProt",2096,"1",164299000
"SWsexActsProt",2096,"2",163247000
"SWsexActsProt",2097,"1",164292000
"SWsexActsProt",2097,"2",163255000
"SWsexActsProt",2098,"1",164278000
"SWsexActsProt",2098,"2",163255000
"SWsexActsProt",2099,"1",164256000
"SWsexActsProt",2099,"2",163247000
"SWsexActsProt",2100,"1",164226000
"SWsexActsProt",2100,"2",163231000
"ARTcoverageAdult",1985,"1",0
"ARTcoverageAdult",1985,"2",0
"ARTcoverageAdult",1986,"1",0
"ARTcoverageAdult",1986,"2",0
"ARTcoverageAdult",1987,"1",0
"ARTcoverageAdult",1987,"2",0
"ARTcoverageAdult",1988,"1",0
"ARTcoverageAdult",1988,"2",0
"ARTcoverageAdult",1989,"1",0
"ARTcoverageAdult",1989,"2",0
"ARTcoverageAdult",1990,"1",0
"ARTcoverageAdult",1990,"2",0
"ARTcoverageAdult",1991,"1",0
"ARTcoverageAdult",1991,"2",0
"ARTcoverageAdult",1992,"1",0
"ARTcoverageAdult",1992,"2",0
"ARTcoverageAdult",1993,"1",0
"ARTcoverageAdult",1993,"2",0
"ARTcoverageAdult",1994,"1",0
"ARTcoverageAdult",1994,"2",0
"ARTcoverageAdult",1995,"1",0
"ARTcoverageAdult",1995,"2",0
"ARTcoverageAdult",1996,"1",0
"ARTcoverageAdult",1996,"2",0
"ARTcoverageAdult",1997,"1",0
"ARTcoverageAdult",1997,"2",0
"ARTcoverageAdult",1998,"1",0
"ARTcoverageAdult",1998,"2",0
"ARTcoverageAdult",1999,"1",0
"ARTcoverageAdult",1999,"2",0
"ARTcoverageAdult",2000,"1",0
"ARTcoverageAdult",2000,"2",0
"ARTcoverageAdult",2001,"1",0.0017595
"ARTcoverageAdult",2001,"2",0.00171962
"ARTcoverageAdult",2002,"1",0.00347531
"ARTcoverageAdult",2002,"2",0.00340422
"ARTcoverageAdult",2003,"1",0.00536257
"ARTcoverageAdult",2003,"2",0.00525917
"ARTcoverageAdult",2004,"1",0.00754181
"ARTcoverageAdult",2004,"2",0.00739891
"ARTcoverageAdult",2005,"1",0.0204751
"ARTcoverageAdult",2005,"2",0.0200881
"ARTcoverageAdult",2006,"1",0.0396123
"ARTcoverageAdult",2006,"2",0.0388449
"ARTcoverageAdult",2007,"1",0.0672514
"ARTcoverageAdult",2007,"2",0.0659143
"ARTcoverageAdult",2008,"1",0.103205
"ARTcoverageAdult",2008,"2",0.101072
"ARTcoverageAdult",2009,"1",0.144334
"ARTcoverageAdult",2009,"2",0.141176
"ARTcoverageAdult",2010,"1",0.198945
"ARTcoverageAdult",2010,"2",0.194385
"ARTcoverageAdult",2011,"1",0.265142
"ARTcoverageAdult",2011,"2",0.258753
"ARTcoverageAdult",2012,"1",0.344236
"ARTcoverageAdult",2012,"2",0.335786
"ARTcoverageAdult",2013,"1",0.408815
"ARTcoverageAdult",2013,"2",0.398709
"ARTcoverageAdult",2014,"1",0.455185
"ARTcoverageAdult",2014,"2",0.443439
"ARTcoverageAdult",2015,"1",0.5032
"ARTcoverageAdult",2015,"2",0.490716
"ARTcoverageAdult",2016,"1",0.550564
"ARTcoverageAdult",2016,"2",0.537649
"ARTcoverageAdult",2017,"1",0.613881
"ARTcoverageAdult",2017,"2",0.600256
"ARTcoverageAdult",2018,"1",0.657442
"ARTcoverageAdult",2018,"2",0.642537
"ARTcoverageAdult",2019,"1",0.690928
"ARTcoverageAdult",2019,"2",0.674285
"ARTcoverageAdult",2020,"1",0.716576
"ARTcoverageAdult",2020,"2",0.697881
"ARTcoverageAdult",2021,"1",0.716883
"ARTcoverageAdult",2021,"2",0.696799
"ARTcoverageAdult",2022,"1",0.738329
"ARTcoverageAdult",2022,"2",0.721807
"ARTcoverageAdult",2023,"1",0.757506
"ARTcoverageAdult",2023,"2",0.745192
"ARTcoverageAdult",2024,"1",0.77471
"ARTcoverageAdult",2024,"2",0.767311
"ARTcoverageAdult",2025,"1",0.791184
"ARTcoverageAdult",2025,"2",0.784564
"ARTcoverageAdult",2026,"1",0.806156
"ARTcoverageAdult",2026,"2",0.800085
"ARTcoverageAdult",2027,"1",0.819829
"ARTcoverageAdult",2027,"2",0.814209
"ARTcoverageAdult",2028,"1",0.832419
"ARTcoverageAdult",2028,"2",0.827199
"ARTcoverageAdult",2029,"1",0.844049
"ARTcoverageAdult",2029,"2",0.839192
"ARTcoverageAdult",2030,"1",0.854854
"ARTcoverageAdult",2030,"2",0.850327
"ARTcoverageAdult",2031,"1",0.864938
"ARTcoverageAdult",2031,"2",0.860714
"ARTcoverageAdult",2032,"1",0.874356
"ARTcoverageAdult",2032,"2",0.870414
"ARTcoverageAdult",2033,"1",0.883128
"ARTcoverageAdult",2033,"2",0.879449
"ARTcoverageAdult",2034,"1",0.891331
"ARTcoverageAdult",2034,"2",0.887898
"ARTcoverageAdult",2035,"1",0.899
"ARTcoverageAdult",2035,"2",0.895798
"ARTcoverageAdult",2036,"1",0.906152
"ARTcoverageAdult",2036,"2",0.903165
"ARTcoverageAdult",2037,"1",0.912819
"ARTcoverageAdult",2037,"2",0.910033
"ARTcoverageAdult",2038,"1",0.919032
"ARTcoverageAdult",2038,"2",0.916434
"ARTcoverageAdult",2039,"1",0.924808
"ARTcoverageAdult",2039,"2",0.922385
"ARTcoverageAdult",2040,"1",0.930161
"ARTcoverageAdult",2040,"2",0.9279
"ARTcoverageAdult",2041,"1",0.935132
"ARTcoverageAdult",2041,"2",0.933022
"ARTcoverageAdult",2042,"1",0.93974
"ARTcoverageAdult",2042,"2",0.93777
"ARTcoverageAdult",2043,"1",0.944008
"ARTcoverageAdult",2043,"2",0.942167
"ARTcoverageAdult",2044,"1",0.94796
"ARTcoverageAdult",2044,"2",0.946238
"ARTcoverageAdult",2045,"1",0.951599
"ARTcoverageAdult",2045,"2",0.949986
"ARTcoverageAdult",2046,"1",0.954969
"ARTcoverageAdult",2046,"2",0.953457
"ARTcoverageAdult",2047,"1",0.958096
"ARTcoverageAdult",2047,"2",0.956676
"ARTcoverageAdult",2048,"1",0.960963
"ARTcoverageAdult",2048,"2",0.959627
"ARTcoverageAdult",2049,"1",0.963637
"ARTcoverageAdult",2049,"2",0.962378
"ARTcoverageAdult",2050,"1",0.96608
"ARTcoverageAdult",2050,"2",0.96489
"ARTcoverageAdult",2051,"1",0.968337
"ARTcoverageAdult",2051,"2",0.967211
"ARTcoverageAdult",2052,"1",0.970435
"ARTcoverageAdult",2052,"2",0.969366
"ARTcoverageAdult",2053,"1",0.972355
"ARTcoverageAdult",2053,"2",0.971337
"ARTcoverageAdult",2054,"1",0.974143
"ARTcoverageAdult",2054,"2",0.973171
"ARTcoverageAdult",2055,"1",0.97578
"ARTcoverageAdult",2055,"2",0.97485
"ARTcoverageAdult",2056,"1",0.977292
"ARTcoverageAdult",2056,"2",0.976399
"ARTcoverageAdult",2057,"1",0.97868
"ARTcoverageAdult",2057,"2",0.977819
"ARTcoverageAdult",2058,"1",0.979969
"ARTcoverageAdult",2058,"2",0.979137
"ARTcoverageAdult",2059,"1",0.98114
"ARTcoverageAdult",2059,"2",0.980332
"ARTcoverageAdult",2060,"1",0.982237
"ARTcoverageAdult",2060,"2",0.981451
"ARTcoverageAdult",2061,"1",0.983242
"ARTcoverageAdult",2061,"2",0.982474
"ARTcoverageAdult",2062,"1",0.984156
"ARTcoverageAdult",2062,"2",0.983404
"ARTcoverageAdult",2063,"1",0.985025
"ARTcoverageAdult",2063,"2",0.984286
"ARTcoverageAdult",2064,"1",0.985807
"ARTcoverageAdult",2064,"2",0.985077
"ARTcoverageAdult",2065,"1",0.986524
"ARTcoverageAdult",2065,"2",0.985803
"ARTcoverageAdult",2066,"1",0.987179
"ARTcoverageAdult",2066,"2",0.986463
"ARTcoverageAdult",2067,"1",0.987793
"ARTcoverageAdult",2067,"2",0.987082
"ARTcoverageAdult",2068,"1",0.988348
"ARTcoverageAdult",2068,"2",0.987639
"ARTcoverageAdult",2069,"1",0.988864
"ARTcoverageAdult",2069,"2",0.988156
"ARTcoverageAdult",2070,"1",0.989345
"ARTcoverageAdult",2070,"2",0.988635
"ARTcoverageAdult",2071,"1",0.989768
"ARTcoverageAdult",2071,"2",0.989055
"ARTcoverageAdult",2072,"1",0.990177
"ARTcoverageAdult",2072,"2",0.989461
"ARTcoverageAdult",2073,"1",0.990532
"ARTcoverageAdult",2073,"2",0.98981
"ARTcoverageAdult",2074,"1",0.990875
"ARTcoverageAdult",2074,"2",0.990146
"ARTcoverageAdult",2075,"1",0.991164
"ARTcoverageAdult",2075,"2",0.990427
"ARTcoverageAdult",2076,"1",0.991444
"ARTcoverageAdult",2076,"2",0.990697
"ARTcoverageAdult",2077,"1",0.991694
"ARTcoverageAdult",2077,"2",0.990936
"ARTcoverageAdult",2078,"1",0.991937
"ARTcoverageAdult",2078,"2",0.991166
"ARTcoverageAdult",2079,"1",0.992151
"ARTcoverageAdult",2079,"2",0.991366
"ARTcoverageAdult",2080,"1",0.992338
"ARTcoverageAdult",2080,"2",0.991536
"ARTcoverageAdult",2081,"1",0.99252
"ARTcoverageAdult",2081,"2",0.9917
"ARTcoverageAdult",2082,"1",0.992676
"ARTcoverageAdult",2082,"2",0.991836
"ARTcoverageAdult",2083,"1",0.992828
"ARTcoverageAdult",2083,"2",0.991967
"ARTcoverageAdult",2084,"1",0.992978
"ARTcoverageAdult",2084,"2",0.992091
"ARTcoverageAdult",2085,"1",0.993103
"ARTcoverageAdult",2085,"2",0.99219
"ARTcoverageAdult",2086,"1",0.993226
"ARTcoverageAdult",2086,"2",0.992283
"ARTcoverageAdult",2087,"1",0.993325
"ARTcoverageAdult",2087,"2",0.992351
"ARTcoverageAdult",2088,"1",0.993444
"ARTcoverageAdult",2088,"2",0.992434
"ARTcoverageAdult",2089,"1",0.99354
"ARTcoverageAdult",2089,"2",0.992492
"ARTcoverageAdult",2090,"1",0.993611
"ARTcoverageAdult",2090,"2",0.992522
"ARTcoverageAdult",2091,"1",0.993701
"ARTcoverageAdult",2091,"2",0.992568
"ARTcoverageAdult",2092,"1",0.993767
"ARTcoverageAdult",2092,"2",0.992585
"ARTcoverageAdult",2093,"1",0.993828
"ARTcoverageAdult",2093,"2",0.992596
"ARTcoverageAdult",2094,"1",0.993886
"ARTcoverageAdult",2094,"2",0.992598
"ARTcoverageAdult",2095,"1",0.993938
"ARTcoverageAdult",2095,"2",0.992591
"ARTcoverageAdult",2096,"1",0.993986
"ARTcoverageAdult",2096,"2",0.992575
"ARTcoverageAdult",2097,"1",0.994006
"ARTcoverageAdult",2097,"2",0.992528
"ARTcoverageAdult",2098,"1",0.994042
"ARTcoverageAdult",2098,"2",0.992493
"ARTcoverageAdult",2099,"1",0.994052
"ARTcoverageAdult",2099,"2",0.992427
"ARTcoverageAdult",2100,"1",0.994057
"ARTcoverageAdult",2100,"2",0.992352
